server,hour,weekday,cpu,stopped
Server-1,0,0,19.850925859709854,0
Server-2,0,0,9.738138096257927,1
Server-3,0,0,23.68014774553613,1
Server-4,0,0,15.302201679694367,0
Server-1,1,0,6.014019626571697,0
Server-2,1,0,15.030301401165628,1
Server-3,1,0,12.344315442691741,0
Server-4,1,0,22.346726385411262,0
Server-1,2,0,4.100964615022983,1
Server-2,2,0,2.2410168350909014,1
Server-3,2,0,4.595417423669753,1
Server-4,2,0,1.2482201136135358,1
Server-1,3,0,2.1748753757807022,1
Server-2,3,0,1.089568707345896,1
Server-3,3,0,3.1307419860035886,1
Server-4,3,0,1.8382656554851393,1
Server-1,4,0,3.945621065226204,1
Server-2,4,0,3.5463110364040995,1
Server-3,4,0,4.271407466307563,1
Server-4,4,0,2.1822744787899064,1
Server-1,5,0,29.45393033206955,0
Server-2,5,0,27.181491622026034,0
Server-3,5,0,16.150458518480406,1
Server-4,5,0,7.8301374897849785,0
Server-1,6,0,10.673674311882651,0
Server-2,6,0,5.496513844973875,1
Server-3,6,0,11.323642088655617,1
Server-4,6,0,28.755236286510044,1
Server-1,7,0,17.388656017565076,0
Server-2,7,0,5.9093716202420605,0
Server-3,7,0,15.23718898641534,1
Server-4,7,0,9.63445632068823,0
Server-1,8,0,22.64235312458928,0
Server-2,8,0,19.252168547588226,1
Server-3,8,0,15.112186450023952,1
Server-4,8,0,13.870327557297228,1
Server-1,9,0,71.68467789760385,0
Server-2,9,0,58.62601136159742,0
Server-3,9,0,65.57550250883936,0
Server-4,9,0,89.1685414964007,0
Server-1,10,0,77.38670154399183,0
Server-2,10,0,88.77328272664244,0
Server-3,10,0,66.54958472944625,0
Server-4,10,0,65.72544491849153,0
Server-1,11,0,46.89492263945042,0
Server-2,11,0,57.174430262803256,0
Server-3,11,0,68.9600350801718,0
Server-4,11,0,52.73734534807989,0
Server-1,12,0,81.24033729122112,0
Server-2,12,0,44.10879503522689,0
Server-3,12,0,80.245336476945,0
Server-4,12,0,76.08108724944012,0
Server-1,13,0,41.01239353904101,0
Server-2,13,0,63.91750455309906,0
Server-3,13,0,67.87346102774164,0
Server-4,13,0,54.243893524854236,0
Server-1,14,0,49.77021608977158,0
Server-2,14,0,63.108483321983655,0
Server-3,14,0,40.656862712351334,0
Server-4,14,0,62.23243360843401,0
Server-1,15,0,51.58469799925453,0
Server-2,15,0,64.21195520589987,0
Server-3,15,0,50.54554225804176,0
Server-4,15,0,63.47933200134477,0
Server-1,16,0,71.5176898570023,0
Server-2,16,0,62.84782114074784,0
Server-3,16,0,88.10845587084651,0
Server-4,16,0,65.62879123609088,0
Server-1,17,0,45.55799139615621,0
Server-2,17,0,70.3375022820254,0
Server-3,17,0,85.32364618471706,0
Server-4,17,0,79.95179827008826,0
Server-1,18,0,57.7827071460242,0
Server-2,18,0,56.77449175491566,0
Server-3,18,0,56.32082128641397,0
Server-4,18,0,77.45429535522061,0
Server-1,19,0,29.099214802645417,0
Server-2,19,0,23.736859297181528,1
Server-3,19,0,22.599655282741878,1
Server-4,19,0,10.094839422806107,0
Server-1,20,0,26.865050143283224,0
Server-2,20,0,24.939404759776124,1
Server-3,20,0,23.84465856675,1
Server-4,20,0,12.381975651042255,0
Server-1,21,0,8.77234173972563,0
Server-2,21,0,25.27153348343145,0
Server-3,21,0,26.899204474004364,0
Server-4,21,0,16.99164544557976,1
Server-1,22,0,12.007094844725234,0
Server-2,22,0,15.355442843376084,0
Server-3,22,0,5.324086348582298,1
Server-4,22,0,29.62578508656747,0
Server-1,23,0,29.258717006442346,1
Server-2,23,0,14.086082442104463,0
Server-3,23,0,6.190783258539415,0
Server-4,23,0,7.396916464298441,1
Server-1,0,1,20.02029428413192,1
Server-2,0,1,13.547685842625855,1
Server-3,0,1,18.781615593777346,1
Server-4,0,1,25.320368088349213,1
Server-1,1,1,17.534905076479305,1
Server-2,1,1,17.466224449544743,0
Server-3,1,1,19.181031464903683,0
Server-4,1,1,24.309696626550892,1
Server-1,2,1,2.711079865837087,1
Server-2,2,1,3.7855000653894066,1
Server-3,2,1,4.048998402239693,1
Server-4,2,1,1.4461273717508343,1
Server-1,3,1,1.2561890955098178,1
Server-2,3,1,1.0694955812128617,1
Server-3,3,1,4.874529225513839,1
Server-4,3,1,4.486732021897527,1
Server-1,4,1,3.115855668850506,1
Server-2,4,1,2.8369266070340498,1
Server-3,4,1,4.877964429000658,1
Server-4,4,1,4.711210579780333,1
Server-1,5,1,10.673278265950927,1
Server-2,5,1,6.910525893708115,1
Server-3,5,1,21.804097844437408,0
Server-4,5,1,15.046517534713573,1
Server-1,6,1,15.62057795591518,1
Server-2,6,1,28.67044947999642,1
Server-3,6,1,20.858340950972135,0
Server-4,6,1,13.241322493493627,0
Server-1,7,1,16.1047623371907,0
Server-2,7,1,19.9455277786861,1
Server-3,7,1,29.023515045561712,0
Server-4,7,1,15.593731872522522,0
Server-1,8,1,16.023340928464357,1
Server-2,8,1,18.08566920237701,1
Server-3,8,1,7.429027128869334,1
Server-4,8,1,14.698055778168344,0
Server-1,9,1,72.52886224394561,0
Server-2,9,1,61.286278342350116,0
Server-3,9,1,53.202154538561885,0
Server-4,9,1,61.6670536862688,0
Server-1,10,1,62.640769604070684,0
Server-2,10,1,60.45843629212807,0
Server-3,10,1,89.25256103366246,0
Server-4,10,1,80.45494956808545,0
Server-1,11,1,85.55030879557509,0
Server-2,11,1,50.18450701436054,0
Server-3,11,1,75.56833108683362,0
Server-4,11,1,86.10984558011555,0
Server-1,12,1,50.727024705576945,0
Server-2,12,1,44.83112433447883,0
Server-3,12,1,66.91786840050739,0
Server-4,12,1,51.89224895012863,0
Server-1,13,1,56.0775129055481,0
Server-2,13,1,54.799185571946225,0
Server-3,13,1,73.20101444657502,0
Server-4,13,1,71.66090750053198,0
Server-1,14,1,48.62532241905896,0
Server-2,14,1,45.29641879850759,0
Server-3,14,1,70.86684792281619,0
Server-4,14,1,67.35541149690562,0
Server-1,15,1,82.60262520020268,0
Server-2,15,1,50.93707483284452,0
Server-3,15,1,72.99225585683882,0
Server-4,15,1,53.8650206894234,0
Server-1,16,1,71.81849531548396,0
Server-2,16,1,69.93234494628308,0
Server-3,16,1,86.17425775911933,0
Server-4,16,1,67.86457900895729,0
Server-1,17,1,61.162923253061365,0
Server-2,17,1,86.91500923152465,0
Server-3,17,1,43.51611528469471,0
Server-4,17,1,42.942387424212406,0
Server-1,18,1,60.63188528142069,0
Server-2,18,1,63.67297080358827,0
Server-3,18,1,85.79302076928852,0
Server-4,18,1,51.164677794917786,0
Server-1,19,1,21.984895324267157,0
Server-2,19,1,6.9018650558558505,0
Server-3,19,1,6.374344090396032,0
Server-4,19,1,8.812993496200251,0
Server-1,20,1,22.30674295914524,1
Server-2,20,1,20.244666641332493,1
Server-3,20,1,5.203747553884134,1
Server-4,20,1,5.755848078554791,1
Server-1,21,1,24.466672001277942,1
Server-2,21,1,6.9911081234985755,1
Server-3,21,1,12.800423137832743,1
Server-4,21,1,28.98443927687801,1
Server-1,22,1,26.677701836575572,1
Server-2,22,1,11.402573001086967,1
Server-3,22,1,14.464166039964066,0
Server-4,22,1,25.59958447590581,0
Server-1,23,1,24.869607813029702,0
Server-2,23,1,22.90191557679006,0
Server-3,23,1,13.558486939837682,0
Server-4,23,1,6.145160384669225,0
Server-1,0,2,21.69353708785452,0
Server-2,0,2,22.731854911466357,1
Server-3,0,2,20.37829805945472,0
Server-4,0,2,11.248329856288828,1
Server-1,1,2,23.713202896130316,1
Server-2,1,2,9.673936721915457,1
Server-3,1,2,29.99637222572782,0
Server-4,1,2,8.369832231836028,1
Server-1,2,2,2.7839137285355022,1
Server-2,2,2,1.056624401633993,1
Server-3,2,2,1.5383644297818302,1
Server-4,2,2,4.539027853612517,1
Server-1,3,2,2.9778057954778103,1
Server-2,3,2,3.151107687842674,1
Server-3,3,2,1.793660052214586,1
Server-4,3,2,4.545403231349015,1
Server-1,4,2,4.914213953068627,1
Server-2,4,2,2.7262550774405163,1
Server-3,4,2,2.4540577359214435,1
Server-4,4,2,1.4873981784039332,1
Server-1,5,2,22.31437827153694,1
Server-2,5,2,12.804261291152942,0
Server-3,5,2,9.785719836463596,1
Server-4,5,2,11.474688761271164,0
Server-1,6,2,29.759232212513194,1
Server-2,6,2,8.463209642465827,0
Server-3,6,2,26.62830299669887,0
Server-4,6,2,22.585672742822307,0
Server-1,7,2,26.985166597962184,0
Server-2,7,2,6.473260004285443,1
Server-3,7,2,17.59650288086694,0
Server-4,7,2,21.633972926905432,0
Server-1,8,2,10.274139043318415,0
Server-2,8,2,24.940388294867144,1
Server-3,8,2,5.189233875068092,1
Server-4,8,2,7.815872866810773,1
Server-1,9,2,48.24922621883535,0
Server-2,9,2,68.95164003208387,0
Server-3,9,2,53.76499439839117,0
Server-4,9,2,83.13757437605001,0
Server-1,10,2,60.18170379038405,0
Server-2,10,2,49.0092052597889,0
Server-3,10,2,42.79606674021121,0
Server-4,10,2,41.79253603807595,0
Server-1,11,2,40.131704766868644,0
Server-2,11,2,46.372891987425206,0
Server-3,11,2,82.68057982241376,0
Server-4,11,2,80.03282309252852,0
Server-1,12,2,68.08894790210138,0
Server-2,12,2,73.08135131271995,0
Server-3,12,2,61.822375025552226,0
Server-4,12,2,64.38430949846253,0
Server-1,13,2,82.23513118365972,0
Server-2,13,2,46.739741229219646,0
Server-3,13,2,51.746919117269606,0
Server-4,13,2,71.51245363681979,0
Server-1,14,2,76.68503237969577,0
Server-2,14,2,61.261541407091315,0
Server-3,14,2,51.31739615744784,0
Server-4,14,2,85.08602267319182,0
Server-1,15,2,46.535285563050635,0
Server-2,15,2,75.50681190605654,0
Server-3,15,2,68.22225999609563,0
Server-4,15,2,73.63693137894515,0
Server-1,16,2,52.26708002982901,0
Server-2,16,2,48.035486471301766,0
Server-3,16,2,51.634352441318406,0
Server-4,16,2,65.82453639290256,0
Server-1,17,2,78.51890969625742,0
Server-2,17,2,43.129142820241334,0
Server-3,17,2,76.42176488871891,0
Server-4,17,2,42.871234752139955,0
Server-1,18,2,41.419160888353524,0
Server-2,18,2,75.52564456059068,0
Server-3,18,2,64.13902526196046,0
Server-4,18,2,68.62395499888257,0
Server-1,19,2,22.453875069303393,1
Server-2,19,2,6.621346335878279,0
Server-3,19,2,16.873097758548415,1
Server-4,19,2,20.669661078999475,1
Server-1,20,2,8.109848029101542,0
Server-2,20,2,11.155847693794827,1
Server-3,20,2,19.315759748974415,0
Server-4,20,2,9.37832205429531,1
Server-1,21,2,16.6934292199249,0
Server-2,21,2,17.533259308926482,1
Server-3,21,2,7.122396773407962,0
Server-4,21,2,27.271870736254503,0
Server-1,22,2,5.365894809254249,0
Server-2,22,2,23.937670513522633,1
Server-3,22,2,21.264662739650895,0
Server-4,22,2,10.420500366535444,0
Server-1,23,2,12.101501691544353,1
Server-2,23,2,17.90592438616393,1
Server-3,23,2,29.843001639023157,0
Server-4,23,2,27.634137358768566,1
Server-1,0,3,25.510851895745454,1
Server-2,0,3,5.572496597664701,0
Server-3,0,3,13.091050923903456,0
Server-4,0,3,16.834174395410507,0
Server-1,1,3,23.782363991498435,0
Server-2,1,3,6.4749252432950195,0
Server-3,1,3,7.896708388268223,1
Server-4,1,3,9.917878162363445,1
Server-1,2,3,2.8397093535104747,1
Server-2,2,3,1.4077964832350096,1
Server-3,2,3,3.539641455915568,1
Server-4,2,3,3.2606875945445375,1
Server-1,3,3,2.904009570657871,1
Server-2,3,3,1.2546293321941056,1
Server-3,3,3,1.2153994229602127,1
Server-4,3,3,4.180706629928297,1
Server-1,4,3,2.665539172097327,1
Server-2,4,3,4.912042814022444,1
Server-3,4,3,3.751014672639745,1
Server-4,4,3,2.6810228147586885,1
Server-1,5,3,21.34522763932293,1
Server-2,5,3,14.783750724501052,1
Server-3,5,3,20.366598188333935,1
Server-4,5,3,25.14188992281053,1
Server-1,6,3,7.025142572812655,0
Server-2,6,3,7.768280582112909,1
Server-3,6,3,21.492814830330747,1
Server-4,6,3,9.309473491131413,0
Server-1,7,3,11.5743181208019,1
Server-2,7,3,13.168871095558572,0
Server-3,7,3,17.666615068682585,1
Server-4,7,3,24.005450788810332,1
Server-1,8,3,27.806765376125192,1
Server-2,8,3,6.377197300321825,1
Server-3,8,3,18.62517528482128,0
Server-4,8,3,10.909956525813225,1
Server-1,9,3,86.79375248967314,0
Server-2,9,3,87.59881365942456,0
Server-3,9,3,53.43486876550507,0
Server-4,9,3,41.698399912299145,0
Server-1,10,3,49.26473738449022,0
Server-2,10,3,71.05959073553527,0
Server-3,10,3,80.7171191482534,0
Server-4,10,3,41.69760255152018,0
Server-1,11,3,74.6202944521568,0
Server-2,11,3,77.90087542521101,0
Server-3,11,3,69.68190810895466,0
Server-4,11,3,75.28179317214521,0
Server-1,12,3,51.35260322887984,0
Server-2,12,3,74.53367238121305,0
Server-3,12,3,51.31534668653357,0
Server-4,12,3,76.39828387133377,0
Server-1,13,3,57.504739633267896,0
Server-2,13,3,75.91788857546987,0
Server-3,13,3,65.24542703536564,0
Server-4,13,3,87.53930173420295,0
Server-1,14,3,72.755248957438,0
Server-2,14,3,58.149377353841246,0
Server-3,14,3,58.16240316853506,0
Server-4,14,3,63.940215804668895,0
Server-1,15,3,61.96224310512331,0
Server-2,15,3,77.99089784708023,0
Server-3,15,3,88.90272102758973,0
Server-4,15,3,60.11867136669825,0
Server-1,16,3,69.55192908042875,0
Server-2,16,3,71.0734798256408,0
Server-3,16,3,62.03482873727555,0
Server-4,16,3,43.74904927092889,0
Server-1,17,3,66.0687317272995,0
Server-2,17,3,46.008011711006915,0
Server-3,17,3,72.00049735123926,0
Server-4,17,3,82.79711425048225,0
Server-1,18,3,59.11321677345811,0
Server-2,18,3,44.57633282798823,0
Server-3,18,3,74.69924222069378,0
Server-4,18,3,55.89025971647483,0
Server-1,19,3,11.900884475459993,1
Server-2,19,3,12.66233554650013,0
Server-3,19,3,21.41238740110581,1
Server-4,19,3,13.831937043362581,0
Server-1,20,3,18.808416043377026,0
Server-2,20,3,15.050652596737367,0
Server-3,20,3,16.63007100276315,0
Server-4,20,3,19.379663835179656,0
Server-1,21,3,16.216664500221825,1
Server-2,21,3,16.55813977179035,0
Server-3,21,3,26.355578532691815,0
Server-4,21,3,23.365408866045,1
Server-1,22,3,16.323496233112532,0
Server-2,22,3,26.75385718296979,0
Server-3,22,3,20.639794754985992,1
Server-4,22,3,16.158994428838916,1
Server-1,23,3,21.20014045465662,0
Server-2,23,3,15.591304836481507,0
Server-3,23,3,8.25994925759565,0
Server-4,23,3,29.30343090797502,0
Server-1,0,4,10.376078236967599,0
Server-2,0,4,21.180475940853377,1
Server-3,0,4,6.040436733065395,0
Server-4,0,4,10.622972239758173,0
Server-1,1,4,23.458371207943962,1
Server-2,1,4,6.635576746788573,1
Server-3,1,4,19.965979114690892,0
Server-4,1,4,20.661541932436734,1
Server-1,2,4,3.674169475830194,1
Server-2,2,4,4.189980322345026,1
Server-3,2,4,1.4057801134971761,1
Server-4,2,4,1.617908739321542,1
Server-1,3,4,1.6376856746425354,1
Server-2,3,4,2.8064609919037617,1
Server-3,3,4,4.76928274977068,1
Server-4,3,4,2.8792865649883193,1
Server-1,4,4,3.4412167079099696,1
Server-2,4,4,3.777744884815244,1
Server-3,4,4,1.76396282796303,1
Server-4,4,4,3.406325850174568,1
Server-1,5,4,12.015129974788827,0
Server-2,5,4,5.317119167335764,0
Server-3,5,4,26.79592481802888,0
Server-4,5,4,26.24466649468406,1
Server-1,6,4,22.903756544358107,0
Server-2,6,4,20.758088183916055,0
Server-3,6,4,6.3144804966654355,1
Server-4,6,4,9.148732562551025,0
Server-1,7,4,19.6979063258022,0
Server-2,7,4,18.864400559986453,1
Server-3,7,4,13.509041063338444,0
Server-4,7,4,11.734946867261662,1
Server-1,8,4,14.930651539187856,0
Server-2,8,4,12.501104903702599,1
Server-3,8,4,13.928725093854977,0
Server-4,8,4,10.691682704698461,1
Server-1,9,4,74.47523656091003,0
Server-2,9,4,76.19792042654186,0
Server-3,9,4,76.10415420148944,0
Server-4,9,4,68.07198031026667,0
Server-1,10,4,49.86378026088957,0
Server-2,10,4,59.20512586864255,0
Server-3,10,4,44.33204975410861,0
Server-4,10,4,80.20198054975818,0
Server-1,11,4,56.572545254353265,0
Server-2,11,4,59.384754223005174,0
Server-3,11,4,75.91671246861222,0
Server-4,11,4,60.313969268470856,0
Server-1,12,4,40.0104901573392,0
Server-2,12,4,52.57419571887076,0
Server-3,12,4,46.78536335998475,0
Server-4,12,4,54.15982962184862,0
Server-1,13,4,45.4284583070124,0
Server-2,13,4,55.4123270814667,0
Server-3,13,4,88.82188490444403,0
Server-4,13,4,45.27087172051452,0
Server-1,14,4,80.98052919126478,0
Server-2,14,4,77.41630283159944,0
Server-3,14,4,46.179746414314224,0
Server-4,14,4,83.34721126307804,0
Server-1,15,4,76.4103945826727,0
Server-2,15,4,63.281355074114614,0
Server-3,15,4,75.73113627965114,0
Server-4,15,4,55.740919205338024,0
Server-1,16,4,72.10240329699934,0
Server-2,16,4,78.79312615269478,0
Server-3,16,4,88.56422990753123,0
Server-4,16,4,54.21349288790951,0
Server-1,17,4,68.71574960862863,0
Server-2,17,4,58.76182301201342,0
Server-3,17,4,47.34777537729394,0
Server-4,17,4,71.0149682364898,0
Server-1,18,4,67.56189504406656,0
Server-2,18,4,43.316033188876425,0
Server-3,18,4,66.98195559304403,0
Server-4,18,4,76.62751590383442,0
Server-1,19,4,29.378572264463855,1
Server-2,19,4,23.479693539400962,1
Server-3,19,4,17.80578751212342,0
Server-4,19,4,8.462404246342812,0
Server-1,20,4,18.381841004143826,1
Server-2,20,4,9.517822933576145,1
Server-3,20,4,12.377540369984569,1
Server-4,20,4,19.582898861791598,0
Server-1,21,4,11.146315630465754,1
Server-2,21,4,10.723987372988345,0
Server-3,21,4,11.47341666940546,1
Server-4,21,4,13.133652645940199,0
Server-1,22,4,15.802398748134683,1
Server-2,22,4,6.745923986739859,1
Server-3,22,4,11.941766014338473,0
Server-4,22,4,7.85576576986101,0
Server-1,23,4,18.799909426884344,0
Server-2,23,4,10.152709668508393,1
Server-3,23,4,22.5001399265998,0
Server-4,23,4,22.894025750338837,1
Server-1,0,5,7.946837577346684,1
Server-2,0,5,15.212992276067254,0
Server-3,0,5,18.369484581475355,1
Server-4,0,5,15.614988945758858,0
Server-1,1,5,27.01125199901647,1
Server-2,1,5,23.37507456111141,0
Server-3,1,5,16.35650098766417,1
Server-4,1,5,22.706073875147737,1
Server-1,2,5,1.849788428241749,1
Server-2,2,5,3.3567265297853193,1
Server-3,2,5,2.0507972275563087,1
Server-4,2,5,3.0473715766105247,1
Server-1,3,5,2.288913065174681,1
Server-2,3,5,4.860609344391712,1
Server-3,3,5,4.884137793906556,1
Server-4,3,5,3.8733361830548567,1
Server-1,4,5,2.5909003578742085,1
Server-2,4,5,2.3930361490876795,1
Server-3,4,5,2.4678168180145312,1
Server-4,4,5,3.962146103316066,1
Server-1,5,5,29.745531158029628,1
Server-2,5,5,9.426366872828229,0
Server-3,5,5,17.992997955407546,1
Server-4,5,5,8.65085465983212,1
Server-1,6,5,25.850578011857113,0
Server-2,6,5,17.179162764690822,1
Server-3,6,5,27.244813842046575,0
Server-4,6,5,7.368043017262614,0
Server-1,7,5,12.368710635934516,0
Server-2,7,5,19.960914331392985,1
Server-3,7,5,19.137150070084466,1
Server-4,7,5,9.282959855834786,1
Server-1,8,5,22.206328992814075,1
Server-2,8,5,14.461792545162675,1
Server-3,8,5,5.565448804296468,1
Server-4,8,5,27.45175468789578,1
Server-1,9,5,53.98964319187525,0
Server-2,9,5,79.61921158230662,0
Server-3,9,5,50.43431207745047,0
Server-4,9,5,70.10330645193878,0
Server-1,10,5,57.20687161050695,0
Server-2,10,5,77.33196612399523,0
Server-3,10,5,43.68904649091534,0
Server-4,10,5,74.60701306526266,0
Server-1,11,5,42.31487032372296,0
Server-2,11,5,44.250013019838605,0
Server-3,11,5,69.36884469538882,0
Server-4,11,5,78.5555481241773,0
Server-1,12,5,41.03058944329599,0
Server-2,12,5,74.72617185865101,0
Server-3,12,5,62.27197717307227,0
Server-4,12,5,72.0318399808074,0
Server-1,13,5,50.68719816204143,0
Server-2,13,5,82.06784904957127,0
Server-3,13,5,68.10155961086242,0
Server-4,13,5,66.47944239811349,0
Server-1,14,5,46.369082285430295,0
Server-2,14,5,45.48328354107747,0
Server-3,14,5,45.059401327062425,0
Server-4,14,5,51.16383052572471,0
Server-1,15,5,58.48671424646274,0
Server-2,15,5,43.997282206951354,0
Server-3,15,5,50.10532001487894,0
Server-4,15,5,87.6515840675664,0
Server-1,16,5,82.97148560260935,0
Server-2,16,5,41.59308526179813,0
Server-3,16,5,87.54415299307277,0
Server-4,16,5,78.41598500874109,0
Server-1,17,5,58.84054314018374,0
Server-2,17,5,59.89919846011642,0
Server-3,17,5,47.693583450220274,0
Server-4,17,5,50.830910456125316,0
Server-1,18,5,82.49735465367851,0
Server-2,18,5,79.71529778747714,0
Server-3,18,5,58.94856190759893,0
Server-4,18,5,67.2042662944537,0
Server-1,19,5,12.959827213705498,0
Server-2,19,5,29.719607881779243,0
Server-3,19,5,10.100838012332964,0
Server-4,19,5,8.844084652935761,0
Server-1,20,5,23.89011144089046,1
Server-2,20,5,23.83263681511835,0
Server-3,20,5,17.439483207956954,1
Server-4,20,5,25.294343348009683,0
Server-1,21,5,22.019248386160285,1
Server-2,21,5,5.480517994694554,1
Server-3,21,5,14.217334826778275,0
Server-4,21,5,23.081115207005162,0
Server-1,22,5,14.38483499930746,0
Server-2,22,5,13.690648763936585,0
Server-3,22,5,23.064502415752642,0
Server-4,22,5,29.0348165522369,1
Server-1,23,5,15.040612714247887,0
Server-2,23,5,14.701551459034508,0
Server-3,23,5,19.117311253340425,1
Server-4,23,5,29.074139171209705,0
Server-1,0,6,19.053073405062705,0
Server-2,0,6,24.038892623837558,0
Server-3,0,6,23.44613872220129,0
Server-4,0,6,27.83664226369413,0
Server-1,1,6,23.85663132331656,1
Server-2,1,6,6.162067149234334,1
Server-3,1,6,25.604952638229474,1
Server-4,1,6,15.843317039572502,0
Server-1,2,6,2.4798706100273304,1
Server-2,2,6,4.09924153958433,1
Server-3,2,6,3.799086736898279,1
Server-4,2,6,4.402948537370459,1
Server-1,3,6,4.565358383904355,1
Server-2,3,6,3.2379785886280725,1
Server-3,3,6,3.055488621399802,1
Server-4,3,6,3.4181972557625806,1
Server-1,4,6,1.8451324197123138,1
Server-2,4,6,3.862392352066868,1
Server-3,4,6,4.537286776689019,1
Server-4,4,6,2.806192226451739,1
Server-1,5,6,29.081561245755196,0
Server-2,5,6,22.84490700596399,1
Server-3,5,6,14.625637627387276,0
Server-4,5,6,27.401988213057184,0
Server-1,6,6,24.053819517590405,1
Server-2,6,6,7.869096898597021,0
Server-3,6,6,18.615788629825012,1
Server-4,6,6,29.953024429234738,0
Server-1,7,6,9.291852104350678,0
Server-2,7,6,29.9592947053676,0
Server-3,7,6,28.03475529230054,0
Server-4,7,6,25.374645565150622,0
Server-1,8,6,25.430406792732228,1
Server-2,8,6,21.14037898200697,0
Server-3,8,6,9.201137179143355,1
Server-4,8,6,25.491045428614015,1
Server-1,9,6,79.8204074157724,0
Server-2,9,6,72.50374085350879,0
Server-3,9,6,60.782050865250255,0
Server-4,9,6,72.6381826136865,0
Server-1,10,6,76.0536675040235,0
Server-2,10,6,60.65239254549208,0
Server-3,10,6,82.12846979701703,0
Server-4,10,6,54.20940584093591,0
Server-1,11,6,58.686435350237616,0
Server-2,11,6,70.30901243078297,0
Server-3,11,6,49.72490025064571,0
Server-4,11,6,64.95822160462343,0
Server-1,12,6,81.69838828756609,0
Server-2,12,6,42.851030619106886,0
Server-3,12,6,63.78753446687154,0
Server-4,12,6,78.18584813152853,0
Server-1,13,6,67.49997686663666,0
Server-2,13,6,65.19371251233662,0
Server-3,13,6,62.92891750144142,0
Server-4,13,6,57.59633314510948,0
Server-1,14,6,64.51120962071951,0
Server-2,14,6,76.63187894358211,0
Server-3,14,6,42.083912819258494,0
Server-4,14,6,61.18113183018995,0
Server-1,15,6,49.76812177059386,0
Server-2,15,6,49.92449184303574,0
Server-3,15,6,78.35799678197264,0
Server-4,15,6,46.523491321488926,0
Server-1,16,6,45.55132624234713,0
Server-2,16,6,44.39795702182333,0
Server-3,16,6,61.10841045192442,0
Server-4,16,6,56.404998603660275,0
Server-1,17,6,60.805825086019325,0
Server-2,17,6,46.48216026651248,0
Server-3,17,6,54.32806766231573,0
Server-4,17,6,71.17792213543018,0
Server-1,18,6,40.03083701877739,0
Server-2,18,6,42.70432370202715,0
Server-3,18,6,42.552059957382966,0
Server-4,18,6,44.969375930945354,0
Server-1,19,6,21.97959567284221,0
Server-2,19,6,17.989706825693396,1
Server-3,19,6,12.886766411708651,1
Server-4,19,6,17.91114067066991,0
Server-1,20,6,7.219322093179857,0
Server-2,20,6,16.9768636255115,0
Server-3,20,6,27.9490633363157,0
Server-4,20,6,12.857117219785778,0
Server-1,21,6,7.948788448962053,0
Server-2,21,6,22.35362012268808,0
Server-3,21,6,11.774871321278788,1
Server-4,21,6,10.434243661959362,1
Server-1,22,6,16.846337836301124,0
Server-2,22,6,17.12703019017689,0
Server-3,22,6,26.088180609035557,1
Server-4,22,6,14.992975022175457,0
Server-1,23,6,16.595954308329333,1
Server-2,23,6,23.243433302657035,1
Server-3,23,6,17.465172718681046,0
Server-4,23,6,6.3865307420699855,0
Server-1,0,0,27.037181118365098,0
Server-2,0,0,21.858649698617405,0
Server-3,0,0,10.188458007186759,0
Server-4,0,0,13.112367109547177,0
Server-1,1,0,29.301765268107705,1
Server-2,1,0,23.74753123778524,0
Server-3,1,0,28.395647147045185,1
Server-4,1,0,10.100984261726765,0
Server-1,2,0,3.9620700182893214,1
Server-2,2,0,3.7508903973888152,1
Server-3,2,0,3.2925537943961234,1
Server-4,2,0,3.0500925434667483,1
Server-1,3,0,3.967996329899368,1
Server-2,3,0,3.7967764468512937,1
Server-3,3,0,3.5098976914325943,1
Server-4,3,0,3.4987633970952676,1
Server-1,4,0,2.0788533661734157,1
Server-2,4,0,1.0172952934466335,1
Server-3,4,0,4.501179965070788,1
Server-4,4,0,3.302908355073527,1
Server-1,5,0,15.189688721362788,1
Server-2,5,0,19.67093959779035,1
Server-3,5,0,12.79153330357519,1
Server-4,5,0,22.179725604000758,0
Server-1,6,0,24.80584210754444,1
Server-2,6,0,19.07236091070808,0
Server-3,6,0,25.25474122504697,1
Server-4,6,0,20.238333352691328,1
Server-1,7,0,27.19709512624738,1
Server-2,7,0,21.585152196203783,0
Server-3,7,0,20.06948320277437,1
Server-4,7,0,14.739611974871146,1
Server-1,8,0,29.09518002002994,0
Server-2,8,0,20.713606133219372,0
Server-3,8,0,27.960847553566737,0
Server-4,8,0,21.465337762930766,0
Server-1,9,0,76.36537513202761,0
Server-2,9,0,84.08059170010816,0
Server-3,9,0,50.61409111787616,0
Server-4,9,0,89.01729615368035,0
Server-1,10,0,74.60386969045123,0
Server-2,10,0,48.542333589593646,0
Server-3,10,0,73.26390891675553,0
Server-4,10,0,65.92678049264447,0
Server-1,11,0,69.57632845419658,0
Server-2,11,0,48.62204727791027,0
Server-3,11,0,41.251411959572145,0
Server-4,11,0,81.9059172451567,0
Server-1,12,0,78.98339313902775,0
Server-2,12,0,73.07028248909768,0
Server-3,12,0,76.10206893124618,0
Server-4,12,0,60.91819577133154,0
Server-1,13,0,85.05746366574301,0
Server-2,13,0,48.551486467732815,0
Server-3,13,0,83.46283941814399,0
Server-4,13,0,50.02766910161993,0
Server-1,14,0,68.40851911234182,0
Server-2,14,0,81.57877649233615,0
Server-3,14,0,49.267180358662046,0
Server-4,14,0,83.01793031528433,0
Server-1,15,0,57.19898824997256,0
Server-2,15,0,64.97498860344372,0
Server-3,15,0,83.96040930309871,0
Server-4,15,0,43.21629957060702,0
Server-1,16,0,71.37027703858153,0
Server-2,16,0,73.7932660561175,0
Server-3,16,0,61.95509965179696,0
Server-4,16,0,47.6983143723029,0
Server-1,17,0,75.5310735028093,0
Server-2,17,0,75.0343696834845,0
Server-3,17,0,66.33303833677836,0
Server-4,17,0,48.759162415018665,0
Server-1,18,0,48.57535645648574,0
Server-2,18,0,62.488061276401126,0
Server-3,18,0,60.46156484938909,0
Server-4,18,0,82.89715511141037,0
Server-1,19,0,20.561327721926034,0
Server-2,19,0,16.252797897104557,1
Server-3,19,0,27.932001312337256,0
Server-4,19,0,7.651213572150163,0
Server-1,20,0,17.44630231975173,1
Server-2,20,0,19.847539769620262,1
Server-3,20,0,23.819837229028703,1
Server-4,20,0,25.465318294086572,1
Server-1,21,0,22.504224714604458,1
Server-2,21,0,5.792353566680381,1
Server-3,21,0,24.23020791319336,0
Server-4,21,0,15.100529671488001,0
Server-1,22,0,19.475188344412352,0
Server-2,22,0,11.080279974117145,1
Server-3,22,0,8.430032985472186,1
Server-4,22,0,22.925592970925695,0
Server-1,23,0,13.166175160119291,1
Server-2,23,0,8.001862044666431,1
Server-3,23,0,28.482109138921512,0
Server-4,23,0,25.4338411860929,0
Server-1,0,1,25.561892149371932,1
Server-2,0,1,17.727371996128895,1
Server-3,0,1,26.94652436785807,0
Server-4,0,1,19.103772415900146,1
Server-1,1,1,16.500773615611166,0
Server-2,1,1,15.540882748545059,0
Server-3,1,1,25.89810848765363,0
Server-4,1,1,20.055279026336976,1
Server-1,2,1,4.953877130039471,1
Server-2,2,1,2.7358317474326315,1
Server-3,2,1,1.5196157399245815,1
Server-4,2,1,1.942505048015613,1
Server-1,3,1,1.0542657036867862,1
Server-2,3,1,1.2035792099364495,1
Server-3,3,1,4.285040901080327,1
Server-4,3,1,2.7578229637619107,1
Server-1,4,1,1.6636904654140814,1
Server-2,4,1,3.577855018919159,1
Server-3,4,1,2.7972657546757786,1
Server-4,4,1,4.775153210214084,1
Server-1,5,1,16.21506260886461,1
Server-2,5,1,20.018370220541808,1
Server-3,5,1,13.803907768042714,0
Server-4,5,1,27.413854001995833,1
Server-1,6,1,7.988181759134381,0
Server-2,6,1,6.555910342505804,0
Server-3,6,1,14.033953002433796,0
Server-4,6,1,6.277518230297364,1
Server-1,7,1,16.293943116177736,1
Server-2,7,1,16.127050973065607,1
Server-3,7,1,19.96059470747411,1
Server-4,7,1,9.31508856496679,1
Server-1,8,1,25.532988530914274,1
Server-2,8,1,25.547451128711337,0
Server-3,8,1,11.39762406351468,1
Server-4,8,1,6.360071886799011,0
Server-1,9,1,64.55833626474869,0
Server-2,9,1,66.63934214840681,0
Server-3,9,1,70.10289545040067,0
Server-4,9,1,86.41954244381547,0
Server-1,10,1,42.88936438865965,0
Server-2,10,1,80.75719001952294,0
Server-3,10,1,68.8983586591662,0
Server-4,10,1,44.365114079859914,0
Server-1,11,1,56.32985655043228,0
Server-2,11,1,44.361129219238954,0
Server-3,11,1,70.4916034957396,0
Server-4,11,1,86.51914685673043,0
Server-1,12,1,79.31104698600335,0
Server-2,12,1,69.32338998960046,0
Server-3,12,1,88.41487426980731,0
Server-4,12,1,55.559444305787146,0
Server-1,13,1,69.6323833763101,0
Server-2,13,1,53.14205527262608,0
Server-3,13,1,83.74537997933638,0
Server-4,13,1,42.96107135744443,0
Server-1,14,1,78.45032359035288,0
Server-2,14,1,50.0284980079708,0
Server-3,14,1,78.14274799117437,0
Server-4,14,1,75.94931887424826,0
Server-1,15,1,52.04302160847638,0
Server-2,15,1,83.89975551717058,0
Server-3,15,1,76.76453153158255,0
Server-4,15,1,79.55551863938442,0
Server-1,16,1,72.69743949377214,0
Server-2,16,1,79.16772272736955,0
Server-3,16,1,42.93679187989866,0
Server-4,16,1,63.85492777285784,0
Server-1,17,1,85.08925983947526,0
Server-2,17,1,80.99739054555886,0
Server-3,17,1,47.34080455455781,0
Server-4,17,1,65.32396320883468,0
Server-1,18,1,89.89502843976862,0
Server-2,18,1,53.78963180057504,0
Server-3,18,1,42.02755626647951,0
Server-4,18,1,52.11590657261917,0
Server-1,19,1,15.648160318633387,1
Server-2,19,1,18.11138010981324,0
Server-3,19,1,19.2854756425076,1
Server-4,19,1,23.55098021866056,0
Server-1,20,1,7.373711406648993,0
Server-2,20,1,13.388365059916215,0
Server-3,20,1,8.268824863928666,1
Server-4,20,1,28.43203227845844,1
Server-1,21,1,8.889277597921767,0
Server-2,21,1,23.73317717730737,1
Server-3,21,1,11.569938498289936,1
Server-4,21,1,27.670021825319207,1
Server-1,22,1,8.34422397811026,1
Server-2,22,1,5.352124492269662,0
Server-3,22,1,14.728554166236888,0
Server-4,22,1,6.283064781154799,0
Server-1,23,1,27.883955228145627,1
Server-2,23,1,23.55549535567614,0
Server-3,23,1,11.795019242505715,0
Server-4,23,1,15.66044757770774,0
Server-1,0,2,12.577096940927047,1
Server-2,0,2,27.888105889610504,0
Server-3,0,2,7.804355119384303,1
Server-4,0,2,6.605205405169608,0
Server-1,1,2,10.813918493826051,0
Server-2,1,2,9.725927715951507,0
Server-3,1,2,16.277620067464248,0
Server-4,1,2,5.663877957344694,1
Server-1,2,2,2.125086469799444,1
Server-2,2,2,3.3331696824833545,1
Server-3,2,2,1.5236857679640243,1
Server-4,2,2,3.632566283346239,1
Server-1,3,2,2.3777107124626253,1
Server-2,3,2,1.3738301716564014,1
Server-3,3,2,1.9559866150083103,1
Server-4,3,2,3.370812434071267,1
Server-1,4,2,1.4172057785401089,1
Server-2,4,2,1.8422653794257169,1
Server-3,4,2,2.69211019899698,1
Server-4,4,2,4.152710699332172,1
Server-1,5,2,27.67651114252671,1
Server-2,5,2,27.678210233763004,1
Server-3,5,2,19.338651031285114,0
Server-4,5,2,24.538237274408587,0
Server-1,6,2,22.917949959723643,1
Server-2,6,2,21.816628361509807,0
Server-3,6,2,18.286290716514543,1
Server-4,6,2,5.936507944620371,1
Server-1,7,2,21.941538213306522,1
Server-2,7,2,22.19189897778333,0
Server-3,7,2,13.801913104649294,1
Server-4,7,2,24.760900273913663,1
Server-1,8,2,23.220017514573584,1
Server-2,8,2,5.470978361445143,1
Server-3,8,2,28.68064964112573,1
Server-4,8,2,7.50080076036388,0
Server-1,9,2,47.9882405499649,0
Server-2,9,2,65.60005758395747,0
Server-3,9,2,50.14179744948011,0
Server-4,9,2,79.80705935974919,0
Server-1,10,2,70.0902752440519,0
Server-2,10,2,45.145037111337686,0
Server-3,10,2,68.25836140513147,0
Server-4,10,2,70.27028527829324,0
Server-1,11,2,78.270262537018,0
Server-2,11,2,87.8085788055626,0
Server-3,11,2,66.00147148490716,0
Server-4,11,2,49.40835226089284,0
Server-1,12,2,82.84274956700335,0
Server-2,12,2,71.9946306025692,0
Server-3,12,2,84.88171191460086,0
Server-4,12,2,62.40447626931132,0
Server-1,13,2,75.81629007141458,0
Server-2,13,2,74.27889473042728,0
Server-3,13,2,64.66907629966346,0
Server-4,13,2,62.95384656695776,0
Server-1,14,2,85.6948231073267,0
Server-2,14,2,67.7651898401302,0
Server-3,14,2,68.77805870062582,0
Server-4,14,2,64.54529102317206,0
Server-1,15,2,71.93105852412667,0
Server-2,15,2,89.04163264829786,0
Server-3,15,2,67.83185245512205,0
Server-4,15,2,46.50149029600387,0
Server-1,16,2,74.16908926610003,0
Server-2,16,2,67.3526489157347,0
Server-3,16,2,72.85495267569328,0
Server-4,16,2,66.12650137585082,0
Server-1,17,2,48.56788627206663,0
Server-2,17,2,63.020537157889265,0
Server-3,17,2,47.95694784972217,0
Server-4,17,2,50.25648304393788,0
Server-1,18,2,88.02236983274625,0
Server-2,18,2,71.9704396221641,0
Server-3,18,2,42.52254429430253,0
Server-4,18,2,40.517709143225254,0
Server-1,19,2,25.452479053762126,0
Server-2,19,2,20.38412776781705,0
Server-3,19,2,10.875952440716409,1
Server-4,19,2,6.872902003129315,0
Server-1,20,2,28.763377366686882,0
Server-2,20,2,29.49006596305464,1
Server-3,20,2,25.39934851229351,1
Server-4,20,2,12.618041680118246,0
Server-1,21,2,9.558196432851176,1
Server-2,21,2,18.20892831704368,1
Server-3,21,2,14.112447986246472,0
Server-4,21,2,7.66643459874242,1
Server-1,22,2,27.34609347727596,1
Server-2,22,2,7.859213682470163,0
Server-3,22,2,10.068462195454398,0
Server-4,22,2,5.445321291967443,0
Server-1,23,2,28.443388785878078,0
Server-2,23,2,21.867687411813954,1
Server-3,23,2,26.5862629214824,1
Server-4,23,2,15.5681783073034,0
Server-1,0,3,29.758097616107634,1
Server-2,0,3,16.541877821796483,0
Server-3,0,3,22.769004280123532,0
Server-4,0,3,7.8390390984075555,0
Server-1,1,3,29.124920728571634,1
Server-2,1,3,25.684691421315335,0
Server-3,1,3,10.221357099477183,0
Server-4,1,3,5.078686591842272,1
Server-1,2,3,2.3482276819786096,1
Server-2,2,3,3.655213587984658,1
Server-3,2,3,3.7941875886556193,1
Server-4,2,3,3.3099517704299823,1
Server-1,3,3,2.2602590012752883,1
Server-2,3,3,1.2068771484638643,1
Server-3,3,3,3.6975920295896816,1
Server-4,3,3,2.9655108369155396,1
Server-1,4,3,2.555715676399371,1
Server-2,4,3,4.378527938554372,1
Server-3,4,3,3.02683969892839,1
Server-4,4,3,3.8761574970078554,1
Server-1,5,3,25.640868194020644,0
Server-2,5,3,20.47098720933139,0
Server-3,5,3,19.883180144491796,0
Server-4,5,3,20.688789293919662,0
Server-1,6,3,21.719722706672638,0
Server-2,6,3,14.313225791241948,0
Server-3,6,3,21.81205501068261,1
Server-4,6,3,12.924591838513376,0
Server-1,7,3,17.15901965873067,1
Server-2,7,3,25.034944965971643,1
Server-3,7,3,10.420688396564977,1
Server-4,7,3,9.512678485771112,0
Server-1,8,3,6.94697175098135,0
Server-2,8,3,22.823678925997662,1
Server-3,8,3,26.392914773199127,0
Server-4,8,3,15.616426158439465,1
Server-1,9,3,45.602756024946316,0
Server-2,9,3,60.26998004055599,0
Server-3,9,3,47.731602224572946,0
Server-4,9,3,43.7648334877838,0
Server-1,10,3,41.59031065089495,0
Server-2,10,3,80.4477154509719,0
Server-3,10,3,72.95538972333756,0
Server-4,10,3,67.18270872871673,0
Server-1,11,3,69.08037045441979,0
Server-2,11,3,65.72052232279111,0
Server-3,11,3,66.98371011416167,0
Server-4,11,3,51.4310314395689,0
Server-1,12,3,80.9045827433362,0
Server-2,12,3,81.24747366430645,0
Server-3,12,3,42.2606881949999,0
Server-4,12,3,72.18108257289622,0
Server-1,13,3,69.78725009376848,0
Server-2,13,3,63.22560060377179,0
Server-3,13,3,64.12155566038386,0
Server-4,13,3,62.05986465922131,0
Server-1,14,3,79.35666316724452,0
Server-2,14,3,51.6527190842668,0
Server-3,14,3,88.06329791833048,0
Server-4,14,3,81.76906674876803,0
Server-1,15,3,68.87250652581727,0
Server-2,15,3,87.4464674859563,0
Server-3,15,3,68.98135060814002,0
Server-4,15,3,82.76094491817773,0
Server-1,16,3,81.22740090839247,0
Server-2,16,3,41.49122140573702,0
Server-3,16,3,73.19460340943675,0
Server-4,16,3,78.58170487712057,0
Server-1,17,3,77.40726087200053,0
Server-2,17,3,50.74906175707066,0
Server-3,17,3,47.62997990442191,0
Server-4,17,3,61.50549431139224,0
Server-1,18,3,70.79703266763707,0
Server-2,18,3,66.80257040687438,0
Server-3,18,3,43.99982950427199,0
Server-4,18,3,74.41340279166042,0
Server-1,19,3,19.491612299092075,0
Server-2,19,3,29.527545422583923,1
Server-3,19,3,15.751010537293803,0
Server-4,19,3,28.587807500718554,1
Server-1,20,3,8.399368543105622,1
Server-2,20,3,7.230070476380474,1
Server-3,20,3,28.50775720602216,1
Server-4,20,3,26.503032491608845,1
Server-1,21,3,5.076189025434573,0
Server-2,21,3,11.94415326891447,1
Server-3,21,3,14.847933623424646,1
Server-4,21,3,26.007949386528846,0
Server-1,22,3,16.305771190184647,1
Server-2,22,3,17.26289351161623,1
Server-3,22,3,5.177374559710522,1
Server-4,22,3,22.50678790365855,0
Server-1,23,3,29.087234550617747,1
Server-2,23,3,26.294904374422423,0
Server-3,23,3,24.36058128937396,0
Server-4,23,3,21.846550623923306,0
Server-1,0,4,7.101631129033302,1
Server-2,0,4,11.868094832511234,0
Server-3,0,4,18.768357525223326,1
Server-4,0,4,25.774686125763306,1
Server-1,1,4,21.961877733877085,1
Server-2,1,4,26.34409063355345,1
Server-3,1,4,22.31634853965604,1
Server-4,1,4,8.607425443064994,0
Server-1,2,4,4.607859336567561,1
Server-2,2,4,3.411153070493066,1
Server-3,2,4,4.056829464961873,1
Server-4,2,4,1.754429348373487,1
Server-1,3,4,2.6940352748115934,1
Server-2,3,4,4.676803815444497,1
Server-3,3,4,4.749432330440078,1
Server-4,3,4,3.426404207881374,1
Server-1,4,4,4.0488273817657285,1
Server-2,4,4,1.2093203385266622,1
Server-3,4,4,4.80151590472914,1
Server-4,4,4,4.922551502458581,1
Server-1,5,4,28.267150750430694,0
Server-2,5,4,22.55588102748364,0
Server-3,5,4,19.83678466724799,1
Server-4,5,4,15.725067282959635,1
Server-1,6,4,6.628415616418943,0
Server-2,6,4,9.086936128059515,0
Server-3,6,4,9.666524067768734,0
Server-4,6,4,19.985625451235393,1
Server-1,7,4,16.337404824529482,1
Server-2,7,4,11.055412142464345,0
Server-3,7,4,26.208826912623717,0
Server-4,7,4,8.459134129732405,1
Server-1,8,4,9.698374096489431,0
Server-2,8,4,18.725070444327457,0
Server-3,8,4,28.72819091926187,1
Server-4,8,4,21.358964048634704,1
Server-1,9,4,87.11110467967498,0
Server-2,9,4,56.14511446717284,0
Server-3,9,4,42.20946462071909,0
Server-4,9,4,68.1426238796823,0
Server-1,10,4,53.82987686789151,0
Server-2,10,4,86.30380471291156,0
Server-3,10,4,40.54752843182803,0
Server-4,10,4,63.75678767192301,0
Server-1,11,4,78.73471968309278,0
Server-2,11,4,71.9320199413392,0
Server-3,11,4,73.6592663583406,0
Server-4,11,4,68.66925328460621,0
Server-1,12,4,56.948073650801675,0
Server-2,12,4,46.56603305311614,0
Server-3,12,4,85.22706616095994,0
Server-4,12,4,72.88947108114789,0
Server-1,13,4,60.0212554651074,0
Server-2,13,4,73.66504939156223,0
Server-3,13,4,55.80145095877671,0
Server-4,13,4,61.644931323297996,0
Server-1,14,4,69.7493136979602,0
Server-2,14,4,58.890983155992906,0
Server-3,14,4,81.96812436130818,0
Server-4,14,4,52.78347955036966,0
Server-1,15,4,80.78685461020898,0
Server-2,15,4,61.48783573601146,0
Server-3,15,4,68.08649216007214,0
Server-4,15,4,85.86296823450712,0
Server-1,16,4,82.17783711517501,0
Server-2,16,4,64.21880855038731,0
Server-3,16,4,66.7056271799577,0
Server-4,16,4,87.14413618519777,0
Server-1,17,4,49.69697670300803,0
Server-2,17,4,59.852611019210144,0
Server-3,17,4,41.2595162161674,0
Server-4,17,4,65.59432295848724,0
Server-1,18,4,43.8497693978957,0
Server-2,18,4,45.032696222250564,0
Server-3,18,4,68.93175667828683,0
Server-4,18,4,76.91803360403517,0
Server-1,19,4,16.776303247362947,0
Server-2,19,4,11.233469247595394,1
Server-3,19,4,14.79011239089211,1
Server-4,19,4,7.280125661115864,0
Server-1,20,4,10.210498836630155,1
Server-2,20,4,24.679131956262907,0
Server-3,20,4,11.965399938185502,0
Server-4,20,4,28.00795395794676,1
Server-1,21,4,10.140728319560006,1
Server-2,21,4,15.872353796013625,0
Server-3,21,4,9.412229005990973,0
Server-4,21,4,25.650182375582258,0
Server-1,22,4,25.90862915759539,0
Server-2,22,4,27.0878293793402,1
Server-3,22,4,9.099948673652193,1
Server-4,22,4,12.058626089850478,1
Server-1,23,4,5.915669510904149,1
Server-2,23,4,13.803673731912404,0
Server-3,23,4,18.572365093583397,0
Server-4,23,4,20.809395455866287,1
Server-1,0,5,7.484140839768995,0
Server-2,0,5,29.898520760323674,1
Server-3,0,5,6.515249384506722,1
Server-4,0,5,23.651146702919256,1
Server-1,1,5,22.412495123359747,1
Server-2,1,5,15.363389041934784,1
Server-3,1,5,21.379772384208263,0
Server-4,1,5,19.407927724759816,0
Server-1,2,5,3.1442894034100126,1
Server-2,2,5,1.4070426556560625,1
Server-3,2,5,2.622944564503011,1
Server-4,2,5,1.440363240192997,1
Server-1,3,5,4.342430264325298,1
Server-2,3,5,2.3590495737110007,1
Server-3,3,5,1.5573675015385176,1
Server-4,3,5,1.5920813017316822,1
Server-1,4,5,4.704652776410951,1
Server-2,4,5,1.4738059866752615,1
Server-3,4,5,1.3710977694908366,1
Server-4,4,5,4.82799770907832,1
Server-1,5,5,16.493212433787154,0
Server-2,5,5,7.333856342422813,0
Server-3,5,5,24.378664630018037,0
Server-4,5,5,14.250662490916653,0
Server-1,6,5,8.097741077443189,1
Server-2,6,5,13.126086411317809,0
Server-3,6,5,24.098227914547987,0
Server-4,6,5,24.783433052785306,0
Server-1,7,5,5.922785502211748,1
Server-2,7,5,8.69014084887625,1
Server-3,7,5,27.47947971270122,0
Server-4,7,5,18.596052208182762,1
Server-1,8,5,7.970030546917885,0
Server-2,8,5,23.871718349452596,0
Server-3,8,5,28.75383738552486,0
Server-4,8,5,8.304982605326293,0
Server-1,9,5,71.14855838307841,0
Server-2,9,5,58.16501593387116,0
Server-3,9,5,62.74099646800718,0
Server-4,9,5,82.9758381197702,0
Server-1,10,5,56.53736494378319,0
Server-2,10,5,48.516642463526054,0
Server-3,10,5,76.01936606546975,0
Server-4,10,5,67.24124137927001,0
Server-1,11,5,56.507893463458885,0
Server-2,11,5,65.63198376897424,0
Server-3,11,5,55.75397531823562,0
Server-4,11,5,71.56933824082846,0
Server-1,12,5,72.42133020865954,0
Server-2,12,5,61.40429896577405,0
Server-3,12,5,71.77554981706817,0
Server-4,12,5,74.29961627399891,0
Server-1,13,5,68.83976744140062,0
Server-2,13,5,42.76980621014415,0
Server-3,13,5,52.922927644302625,0
Server-4,13,5,79.43823696247775,0
Server-1,14,5,82.70093304700329,0
Server-2,14,5,57.74146358871529,0
Server-3,14,5,54.25226530659482,0
Server-4,14,5,50.397445369106,0
Server-1,15,5,74.04945643491513,0
Server-2,15,5,64.06491707813328,0
Server-3,15,5,62.61267457529519,0
Server-4,15,5,62.09549000169976,0
Server-1,16,5,63.60309699523313,0
Server-2,16,5,54.65278012384399,0
Server-3,16,5,83.45442127817154,0
Server-4,16,5,83.73984991671738,0
Server-1,17,5,60.01226840475187,0
Server-2,17,5,76.2029760043525,0
Server-3,17,5,87.75106270725124,0
Server-4,17,5,57.9793166377583,0
Server-1,18,5,47.937087794677666,0
Server-2,18,5,63.085958979048584,0
Server-3,18,5,63.97989234470441,0
Server-4,18,5,80.05856318760684,0
Server-1,19,5,27.6965532171168,0
Server-2,19,5,27.343969393960688,0
Server-3,19,5,23.329502236920412,0
Server-4,19,5,28.807773995799792,0
Server-1,20,5,14.919618114307932,0
Server-2,20,5,23.657298867785325,1
Server-3,20,5,6.8597103517217555,1
Server-4,20,5,18.770775140526457,0
Server-1,21,5,23.227030076830157,0
Server-2,21,5,28.611742948934015,1
Server-3,21,5,28.23186708003734,1
Server-4,21,5,21.933392575374086,1
Server-1,22,5,24.58368154188839,0
Server-2,22,5,17.13131664999718,0
Server-3,22,5,8.56333781525564,1
Server-4,22,5,16.8653587886061,1
Server-1,23,5,13.113338851251772,1
Server-2,23,5,7.72814171617701,0
Server-3,23,5,19.117475232660592,1
Server-4,23,5,14.817065985324932,1
Server-1,0,6,5.889961524198163,1
Server-2,0,6,28.443041918850057,0
Server-3,0,6,18.296182489857642,0
Server-4,0,6,22.888918340643315,0
Server-1,1,6,22.5611406593018,1
Server-2,1,6,29.66097005857912,1
Server-3,1,6,25.28122879938778,1
Server-4,1,6,7.729270701128697,0
Server-1,2,6,2.7779098088637397,1
Server-2,2,6,1.322433252946721,1
Server-3,2,6,4.822203503528964,1
Server-4,2,6,4.002044640710507,1
Server-1,3,6,3.1486495525245464,1
Server-2,3,6,1.0074572491910883,1
Server-3,3,6,3.2113096508514682,1
Server-4,3,6,3.6819813729611623,1
Server-1,4,6,1.0768356822647864,1
Server-2,4,6,1.731331323356124,1
Server-3,4,6,3.659451167343603,1
Server-4,4,6,1.1060316507298902,1
Server-1,5,6,25.366942189729702,0
Server-2,5,6,28.67598778042922,0
Server-3,5,6,5.613132433796484,0
Server-4,5,6,18.35403884973401,1
Server-1,6,6,27.29122508599816,1
Server-2,6,6,13.326557796698827,0
Server-3,6,6,20.997847435056812,0
Server-4,6,6,16.749143178987634,0
Server-1,7,6,21.418957215745213,0
Server-2,7,6,22.143804664731626,0
Server-3,7,6,24.11563247186856,1
Server-4,7,6,5.005696506616887,1
Server-1,8,6,17.159389157262062,0
Server-2,8,6,14.069215050238313,0
Server-3,8,6,29.24936353751441,1
Server-4,8,6,15.786576879220844,0
Server-1,9,6,88.59809096591226,0
Server-2,9,6,82.81890757727055,0
Server-3,9,6,78.8970446785498,0
Server-4,9,6,54.73105283826595,0
Server-1,10,6,85.96115926924797,0
Server-2,10,6,83.85826285452859,0
Server-3,10,6,58.56798027832836,0
Server-4,10,6,85.01574253007774,0
Server-1,11,6,65.2541174831035,0
Server-2,11,6,49.92955692319272,0
Server-3,11,6,61.01133929794696,0
Server-4,11,6,48.50197699251689,0
Server-1,12,6,49.1875578433124,0
Server-2,12,6,51.219382594196546,0
Server-3,12,6,68.18187686113825,0
Server-4,12,6,70.99400381639161,0
Server-1,13,6,63.46689988467146,0
Server-2,13,6,43.790084818344425,0
Server-3,13,6,54.23839398165775,0
Server-4,13,6,82.81455380255629,0
Server-1,14,6,44.808402711130896,0
Server-2,14,6,41.27089347860684,0
Server-3,14,6,51.24755753502237,0
Server-4,14,6,46.26528714337374,0
Server-1,15,6,73.45605091185908,0
Server-2,15,6,61.29344232012826,0
Server-3,15,6,42.43349062242623,0
Server-4,15,6,69.96893167033507,0
Server-1,16,6,70.18744639824772,0
Server-2,16,6,79.00451795227958,0
Server-3,16,6,40.87114324408173,0
Server-4,16,6,69.21427939787145,0
Server-1,17,6,52.14121846954001,0
Server-2,17,6,67.67005161231523,0
Server-3,17,6,74.20123117881747,0
Server-4,17,6,40.92037465897955,0
Server-1,18,6,76.78857705436656,0
Server-2,18,6,78.15604760416844,0
Server-3,18,6,85.20190925615174,0
Server-4,18,6,50.45419768251356,0
Server-1,19,6,27.53191784900556,0
Server-2,19,6,22.235303782200244,0
Server-3,19,6,5.29651067812147,1
Server-4,19,6,29.534339482535596,0
Server-1,20,6,5.507562446133966,0
Server-2,20,6,24.819922397151267,1
Server-3,20,6,6.638756669054933,0
Server-4,20,6,6.795658623953164,1
Server-1,21,6,10.492360844515096,0
Server-2,21,6,6.979133441960467,0
Server-3,21,6,23.444389404878272,1
Server-4,21,6,21.675475056253127,1
Server-1,22,6,8.823144072379236,0
Server-2,22,6,24.957903111017135,0
Server-3,22,6,7.79065352564046,1
Server-4,22,6,17.61807220469542,0
Server-1,23,6,7.779580663280292,0
Server-2,23,6,22.411125460582628,1
Server-3,23,6,10.624381273403914,1
Server-4,23,6,22.138324475032793,0
Server-1,0,0,7.544936625363661,1
Server-2,0,0,19.160336783353216,0
Server-3,0,0,28.20706320140145,1
Server-4,0,0,15.520640955966718,0
Server-1,1,0,15.111251203531054,1
Server-2,1,0,18.825568537503372,0
Server-3,1,0,5.119746255769337,0
Server-4,1,0,6.8238537920931215,1
Server-1,2,0,4.213297022306203,1
Server-2,2,0,4.2682379379111595,1
Server-3,2,0,3.8318202908826424,1
Server-4,2,0,4.378968327283134,1
Server-1,3,0,3.4574970174898083,1
Server-2,3,0,3.2361447294043932,1
Server-3,3,0,4.925694408987313,1
Server-4,3,0,3.037548609424139,1
Server-1,4,0,2.3864135486717446,1
Server-2,4,0,1.7125092645116609,1
Server-3,4,0,1.7615378802104633,1
Server-4,4,0,2.1809917842410584,1
Server-1,5,0,27.807824023338018,0
Server-2,5,0,27.823267495864176,0
Server-3,5,0,19.472853390993173,0
Server-4,5,0,17.26387890975451,1
Server-1,6,0,20.036089478325103,0
Server-2,6,0,19.284901065201232,0
Server-3,6,0,8.841506707976702,0
Server-4,6,0,10.079519328651294,1
Server-1,7,0,27.90527497970999,1
Server-2,7,0,18.84205128937139,1
Server-3,7,0,14.341504027256665,0
Server-4,7,0,19.84663605773151,1
Server-1,8,0,28.038106677253765,0
Server-2,8,0,25.744793081376617,1
Server-3,8,0,20.37555233778223,1
Server-4,8,0,7.576543385134142,1
Server-1,9,0,51.0321162232922,0
Server-2,9,0,56.46249842800199,0
Server-3,9,0,43.10832625960964,0
Server-4,9,0,62.45560811691385,0
Server-1,10,0,40.87307841749127,0
Server-2,10,0,84.39468715172404,0
Server-3,10,0,56.60451731945094,0
Server-4,10,0,43.826039394322926,0
Server-1,11,0,49.88870842591098,0
Server-2,11,0,59.970321134103465,0
Server-3,11,0,78.34022162499016,0
Server-4,11,0,89.68987688233835,0
Server-1,12,0,47.00173153031265,0
Server-2,12,0,84.72113147812786,0
Server-3,12,0,58.85156569418057,0
Server-4,12,0,40.369309657731634,0
Server-1,13,0,85.17356853191527,0
Server-2,13,0,56.156916290256945,0
Server-3,13,0,42.41210115796751,0
Server-4,13,0,65.54956808483018,0
Server-1,14,0,89.57123123674226,0
Server-2,14,0,80.25077186459762,0
Server-3,14,0,53.06886368972586,0
Server-4,14,0,80.94031004146511,0
Server-1,15,0,71.4676317419912,0
Server-2,15,0,89.1572898154806,0
Server-3,15,0,79.66464490445951,0
Server-4,15,0,61.9976110349148,0
Server-1,16,0,67.83841824130009,0
Server-2,16,0,55.524140706527334,0
Server-3,16,0,45.42287186087994,0
Server-4,16,0,56.6730821051567,0
Server-1,17,0,87.05086771574115,0
Server-2,17,0,72.75439904481928,0
Server-3,17,0,40.27915020797862,0
Server-4,17,0,51.2496096519889,0
Server-1,18,0,69.38471568880306,0
Server-2,18,0,53.982138186292474,0
Server-3,18,0,64.410659787393,0
Server-4,18,0,42.536327026334945,0
Server-1,19,0,22.754102181589516,1
Server-2,19,0,29.301219586863564,0
Server-3,19,0,22.910912796536206,0
Server-4,19,0,23.32288028092548,1
Server-1,20,0,14.504817603345616,1
Server-2,20,0,26.527890037587717,0
Server-3,20,0,26.811177618757394,0
Server-4,20,0,21.120484328719783,0
Server-1,21,0,14.624596171714913,0
Server-2,21,0,27.600225417702877,1
Server-3,21,0,26.5950590309791,0
Server-4,21,0,12.5800219806696,1
Server-1,22,0,6.630860678837667,1
Server-2,22,0,18.55336239973409,1
Server-3,22,0,5.4811917737712,0
Server-4,22,0,19.809811569205557,0
Server-1,23,0,15.71248858914305,0
Server-2,23,0,16.531091969826157,1
Server-3,23,0,17.57753008448408,1
Server-4,23,0,10.125286815552544,0
Server-1,0,1,23.111546808733515,1
Server-2,0,1,29.03343979759996,0
Server-3,0,1,13.818028200518423,0
Server-4,0,1,17.909720492839853,1
Server-1,1,1,18.171723472319968,0
Server-2,1,1,10.515781562317066,0
Server-3,1,1,8.255115417651805,1
Server-4,1,1,7.182480945085011,1
Server-1,2,1,4.867003791277185,1
Server-2,2,1,3.3758613205834926,1
Server-3,2,1,2.164552166871241,1
Server-4,2,1,2.7529831018290767,1
Server-1,3,1,4.602247274760375,1
Server-2,3,1,4.536518124445703,1
Server-3,3,1,1.5418170784064524,1
Server-4,3,1,1.1321975040817005,1
Server-1,4,1,3.67553863095672,1
Server-2,4,1,2.2869728001724186,1
Server-3,4,1,1.6380631177087501,1
Server-4,4,1,4.053904319047456,1
Server-1,5,1,28.331784085680177,1
Server-2,5,1,9.79876835630473,1
Server-3,5,1,12.473859894850495,0
Server-4,5,1,13.449245513020545,1
Server-1,6,1,8.961074907533408,0
Server-2,6,1,16.833387790571514,0
Server-3,6,1,20.951014664745774,0
Server-4,6,1,19.5314406077498,0
Server-1,7,1,9.12204940699515,0
Server-2,7,1,18.82045263769942,1
Server-3,7,1,8.400288942486204,0
Server-4,7,1,17.250809024881633,1
Server-1,8,1,13.127578744353794,0
Server-2,8,1,16.355298291076565,1
Server-3,8,1,19.452759791950026,1
Server-4,8,1,17.664738891889954,0
Server-1,9,1,41.217466538421355,0
Server-2,9,1,56.86049192193066,0
Server-3,9,1,59.18582680790508,0
Server-4,9,1,76.7670181603141,0
Server-1,10,1,46.26447293645573,0
Server-2,10,1,59.2446501354686,0
Server-3,10,1,66.19991901498693,0
Server-4,10,1,72.69899307670977,0
Server-1,11,1,48.438027174059656,0
Server-2,11,1,75.70435242399594,0
Server-3,11,1,58.405382217950496,0
Server-4,11,1,51.549798694632905,0
Server-1,12,1,76.67505016826313,0
Server-2,12,1,62.46593299996928,0
Server-3,12,1,65.93753436536984,0
Server-4,12,1,64.77826411812305,0
Server-1,13,1,46.58464974346662,0
Server-2,13,1,55.19191086691112,0
Server-3,13,1,60.21599438091394,0
Server-4,13,1,40.21703212716062,0
Server-1,14,1,49.292860096610106,0
Server-2,14,1,53.31888810732822,0
Server-3,14,1,70.2403231265455,0
Server-4,14,1,53.17097772743816,0
Server-1,15,1,77.22677805477025,0
Server-2,15,1,52.07597669971929,0
Server-3,15,1,81.16222638180403,0
Server-4,15,1,52.691358882542474,0
Server-1,16,1,85.5563655300048,0
Server-2,16,1,84.52902877575863,0
Server-3,16,1,58.38114591808034,0
Server-4,16,1,48.33787164533249,0
Server-1,17,1,75.82089461748149,0
Server-2,17,1,63.94334942799834,0
Server-3,17,1,54.371660790898915,0
Server-4,17,1,76.41166485241027,0
Server-1,18,1,84.43286306776875,0
Server-2,18,1,79.52376907981818,0
Server-3,18,1,43.59600164111955,0
Server-4,18,1,82.98703346434797,0
Server-1,19,1,22.8830525914384,1
Server-2,19,1,28.481018973873464,1
Server-3,19,1,15.6384608989825,1
Server-4,19,1,29.183826954256695,1
Server-1,20,1,13.795554845447985,0
Server-2,20,1,21.39662370798746,0
Server-3,20,1,21.10064905161308,0
Server-4,20,1,16.541615434495206,1
Server-1,21,1,8.406023587835332,0
Server-2,21,1,25.154796605632963,0
Server-3,21,1,12.851253174884835,1
Server-4,21,1,18.19718574709844,0
Server-1,22,1,19.96637527175399,1
Server-2,22,1,10.972925492567999,0
Server-3,22,1,12.333753907212802,1
Server-4,22,1,24.2818842374664,1
Server-1,23,1,18.14305449752736,0
Server-2,23,1,22.96251891541599,1
Server-3,23,1,16.643672469812444,0
Server-4,23,1,9.804635281572793,1
Server-1,0,2,29.71457253547552,0
Server-2,0,2,29.440859404906927,0
Server-3,0,2,26.896928230997084,0
Server-4,0,2,22.17329880825006,1
Server-1,1,2,25.088456341887444,0
Server-2,1,2,5.455343599041627,0
Server-3,1,2,20.695620944323878,1
Server-4,1,2,8.694098504056628,0
Server-1,2,2,4.360365639899452,1
Server-2,2,2,4.810628744316608,1
Server-3,2,2,3.783503466497257,1
Server-4,2,2,3.009325121621537,1
Server-1,3,2,3.617909052340331,1
Server-2,3,2,2.025721726301564,1
Server-3,3,2,3.4997186036710097,1
Server-4,3,2,4.320231764319621,1
Server-1,4,2,4.330212998292577,1
Server-2,4,2,1.9783980741839557,1
Server-3,4,2,4.785700401046128,1
Server-4,4,2,2.4255355516070147,1
Server-1,5,2,11.99012444442958,0
Server-2,5,2,20.291081372172652,0
Server-3,5,2,5.252471716307295,0
Server-4,5,2,13.72659448394466,0
Server-1,6,2,16.55282020002854,1
Server-2,6,2,28.495468322923266,0
Server-3,6,2,19.30630366032294,1
Server-4,6,2,17.526484739212105,0
Server-1,7,2,24.31600313873926,1
Server-2,7,2,26.912804191908588,1
Server-3,7,2,12.419762281705339,0
Server-4,7,2,24.275370360239293,1
Server-1,8,2,24.399187644828963,0
Server-2,8,2,29.07125885056838,0
Server-3,8,2,20.636152502045753,1
Server-4,8,2,25.468408916950096,0
Server-1,9,2,83.58618098751802,0
Server-2,9,2,64.533520207035,0
Server-3,9,2,46.77968757980088,0
Server-4,9,2,73.69398452029635,0
Server-1,10,2,47.108075483022304,0
Server-2,10,2,41.9073965027188,0
Server-3,10,2,67.49619083322511,0
Server-4,10,2,49.411612101525435,0
Server-1,11,2,61.662386488195594,0
Server-2,11,2,46.37435768880697,0
Server-3,11,2,49.75004884135532,0
Server-4,11,2,64.91192244694463,0
Server-1,12,2,43.98941342104979,0
Server-2,12,2,87.48256749297917,0
Server-3,12,2,61.902973880386,0
Server-4,12,2,42.58979246987121,0
Server-1,13,2,75.75965661987047,0
Server-2,13,2,87.49281805449513,0
Server-3,13,2,43.429994085772606,0
Server-4,13,2,65.26545810247598,0
Server-1,14,2,49.45285603048075,0
Server-2,14,2,70.964213554086,0
Server-3,14,2,76.84766513700981,0
Server-4,14,2,74.23108053410982,0
Server-1,15,2,84.70351933309607,0
Server-2,15,2,49.29313939978721,0
Server-3,15,2,66.02301686752229,0
Server-4,15,2,61.20479772168308,0
Server-1,16,2,41.62022947669557,0
Server-2,16,2,65.83723818314243,0
Server-3,16,2,67.26632364662717,0
Server-4,16,2,87.87407343281637,0
Server-1,17,2,87.03754874903449,0
Server-2,17,2,50.49312476107336,0
Server-3,17,2,61.438946646603625,0
Server-4,17,2,82.76027361097437,0
Server-1,18,2,44.07759691995667,0
Server-2,18,2,47.77154078169585,0
Server-3,18,2,83.57621698134994,0
Server-4,18,2,53.87910919506356,0
Server-1,19,2,26.208940497698993,1
Server-2,19,2,24.238450013607462,0
Server-3,19,2,25.83172265603611,0
Server-4,19,2,5.593241439632034,0
Server-1,20,2,27.376799745340513,1
Server-2,20,2,5.076995061573626,0
Server-3,20,2,15.374866358789713,1
Server-4,20,2,15.838000555999642,0
Server-1,21,2,13.16469489503222,0
Server-2,21,2,27.103106046071748,0
Server-3,21,2,28.18654265515611,0
Server-4,21,2,12.84217708524008,1
Server-1,22,2,21.995884738684968,0
Server-2,22,2,22.484906327966023,1
Server-3,22,2,29.352410652015763,0
Server-4,22,2,9.542667676142848,1
Server-1,23,2,23.55679615161136,1
Server-2,23,2,27.545188810683463,1
Server-3,23,2,17.760165652415388,1
Server-4,23,2,15.087356023140567,1
Server-1,0,3,5.071248824675071,0
Server-2,0,3,20.14872740676668,1
Server-3,0,3,20.15661002108344,1
Server-4,0,3,23.422089739084655,1
Server-1,1,3,12.720661165511732,1
Server-2,1,3,12.773656908736045,1
Server-3,1,3,22.968027139774627,1
Server-4,1,3,14.729796283093275,0
Server-1,2,3,4.107472501266717,1
Server-2,2,3,1.6481203254241255,1
Server-3,2,3,4.396364468240581,1
Server-4,2,3,3.7965447985179432,1
Server-1,3,3,3.156984639372006,1
Server-2,3,3,1.0015943572948247,1
Server-3,3,3,4.819340941140863,1
Server-4,3,3,1.6481678867088498,1
Server-1,4,3,1.7811466480855804,1
Server-2,4,3,1.357336218982908,1
Server-3,4,3,2.4079210915196643,1
Server-4,4,3,1.136175772994878,1
Server-1,5,3,15.880869319508523,1
Server-2,5,3,23.347918183449348,1
Server-3,5,3,22.948439017034403,1
Server-4,5,3,9.417370412106475,0
Server-1,6,3,19.72071913511027,0
Server-2,6,3,25.489422650467866,0
Server-3,6,3,8.059783395074408,0
Server-4,6,3,29.854144214345837,0
Server-1,7,3,9.225822870064608,0
Server-2,7,3,17.93867990404226,1
Server-3,7,3,12.171109179089596,1
Server-4,7,3,5.541569511487975,1
Server-1,8,3,27.538977702757823,1
Server-2,8,3,11.903595433725709,1
Server-3,8,3,24.1701139916934,1
Server-4,8,3,11.54211383130961,0
Server-1,9,3,86.04449601277678,0
Server-2,9,3,45.64495200306833,0
Server-3,9,3,66.79241642243102,0
Server-4,9,3,50.564175258657215,0
Server-1,10,3,68.6513373101346,0
Server-2,10,3,56.90045929407982,0
Server-3,10,3,82.74585797787734,0
Server-4,10,3,86.73115731554998,0
Server-1,11,3,87.34385378702174,0
Server-2,11,3,66.74751382291191,0
Server-3,11,3,72.6581907726688,0
Server-4,11,3,77.41332295915593,0
Server-1,12,3,51.17663630186313,0
Server-2,12,3,71.11258332068559,0
Server-3,12,3,59.49301618977954,0
Server-4,12,3,61.63219440461957,0
Server-1,13,3,55.26582698397581,0
Server-2,13,3,52.74836020820662,0
Server-3,13,3,80.42560791022348,0
Server-4,13,3,48.397303539026694,0
Server-1,14,3,87.82504456638009,0
Server-2,14,3,77.25309058305257,0
Server-3,14,3,49.533773017037966,0
Server-4,14,3,67.49788076333851,0
Server-1,15,3,84.90807149602577,0
Server-2,15,3,73.6888418092185,0
Server-3,15,3,89.14875943205337,0
Server-4,15,3,40.10998151691775,0
Server-1,16,3,70.47984494403005,0
Server-2,16,3,78.75703058231409,0
Server-3,16,3,84.46659847172036,0
Server-4,16,3,47.339401158368844,0
Server-1,17,3,59.31128918315408,0
Server-2,17,3,54.823212384878914,0
Server-3,17,3,82.434964282,0
Server-4,17,3,61.84119096791588,0
Server-1,18,3,59.08783846162164,0
Server-2,18,3,71.80504283812897,0
Server-3,18,3,86.42272267573662,0
Server-4,18,3,54.76773494057006,0
Server-1,19,3,20.096103007169162,1
Server-2,19,3,14.943482893452513,0
Server-3,19,3,9.134731977646137,1
Server-4,19,3,10.861817608095487,0
Server-1,20,3,11.61169702054889,0
Server-2,20,3,7.3830854071375445,1
Server-3,20,3,6.283069510823975,1
Server-4,20,3,10.425160972380485,0
Server-1,21,3,27.549552514207054,0
Server-2,21,3,10.62934402658274,1
Server-3,21,3,8.906024087913105,1
Server-4,21,3,24.634308881324124,0
Server-1,22,3,10.321723230184253,0
Server-2,22,3,25.890808356330293,1
Server-3,22,3,6.200047296283843,0
Server-4,22,3,17.686179112931956,1
Server-1,23,3,10.727133415672519,0
Server-2,23,3,24.113304475452118,1
Server-3,23,3,24.1613570169688,1
Server-4,23,3,23.385112348996042,0
Server-1,0,4,10.395553583551338,0
Server-2,0,4,19.149789471167438,1
Server-3,0,4,19.99057526174242,0
Server-4,0,4,22.884678184632964,0
Server-1,1,4,22.6463692857698,0
Server-2,1,4,7.235955800784204,1
Server-3,1,4,9.199550224304488,1
Server-4,1,4,26.47408219379143,1
Server-1,2,4,1.5010820019620237,1
Server-2,2,4,3.2817828482356632,1
Server-3,2,4,1.473245629915655,1
Server-4,2,4,2.9242065864757665,1
Server-1,3,4,3.6889496042353236,1
Server-2,3,4,3.302557938363232,1
Server-3,3,4,4.169215577114045,1
Server-4,3,4,2.8909378999399777,1
Server-1,4,4,4.899528416027809,1
Server-2,4,4,3.918899241674844,1
Server-3,4,4,3.430596415292506,1
Server-4,4,4,4.135789055661917,1
Server-1,5,4,26.33682496139783,0
Server-2,5,4,14.591181293699991,0
Server-3,5,4,18.33327006818657,0
Server-4,5,4,8.805129880658553,1
Server-1,6,4,25.929386848346766,0
Server-2,6,4,19.298044920405324,0
Server-3,6,4,13.891689371943148,1
Server-4,6,4,12.298099076264744,0
Server-1,7,4,16.532207737471282,0
Server-2,7,4,11.420851577150508,1
Server-3,7,4,11.67812907659917,1
Server-4,7,4,13.480208253050971,0
Server-1,8,4,5.669665239137057,1
Server-2,8,4,29.24689247765923,0
Server-3,8,4,27.566804340901786,1
Server-4,8,4,12.830425025025677,1
Server-1,9,4,56.6891778965491,0
Server-2,9,4,46.712461539050146,0
Server-3,9,4,52.79934737364125,0
Server-4,9,4,86.53063980936064,0
Server-1,10,4,75.34085239779742,0
Server-2,10,4,89.95552325591817,0
Server-3,10,4,43.85902139522042,0
Server-4,10,4,65.24358800911516,0
Server-1,11,4,74.71675330165942,0
Server-2,11,4,78.73304560183658,0
Server-3,11,4,65.16690663333189,0
Server-4,11,4,73.7687796416317,0
Server-1,12,4,51.35032478524596,0
Server-2,12,4,78.49993577719206,0
Server-3,12,4,81.36697587517051,0
Server-4,12,4,89.66952219864342,0
Server-1,13,4,67.82378312520339,0
Server-2,13,4,54.28193436116773,0
Server-3,13,4,55.37878752197556,0
Server-4,13,4,64.70091569954025,0
Server-1,14,4,87.62686914645104,0
Server-2,14,4,59.302091535730696,0
Server-3,14,4,72.81891254289745,0
Server-4,14,4,43.15389927311838,0
Server-1,15,4,62.082280205099295,0
Server-2,15,4,80.09338548274533,0
Server-3,15,4,83.62697863814665,0
Server-4,15,4,48.95232449703815,0
Server-1,16,4,61.07826932520827,0
Server-2,16,4,65.7045404138359,0
Server-3,16,4,62.090025242894306,0
Server-4,16,4,47.260579279629134,0
Server-1,17,4,81.50297194677717,0
Server-2,17,4,42.225461298586566,0
Server-3,17,4,75.80103332131898,0
Server-4,17,4,66.16360607766372,0
Server-1,18,4,52.10997500395736,0
Server-2,18,4,64.0711027813665,0
Server-3,18,4,66.16352676955403,0
Server-4,18,4,49.75758256845362,0
Server-1,19,4,11.645518864633054,0
Server-2,19,4,22.042385239583783,1
Server-3,19,4,22.542376791872783,0
Server-4,19,4,29.433343023543085,0
Server-1,20,4,27.609986830502745,0
Server-2,20,4,11.127170390896955,0
Server-3,20,4,7.347700948558301,1
Server-4,20,4,10.242206952616055,1
Server-1,21,4,12.568938468524788,1
Server-2,21,4,5.39461175580667,0
Server-3,21,4,8.22576667011128,1
Server-4,21,4,9.349266932428419,0
Server-1,22,4,26.060342848072956,0
Server-2,22,4,11.702667402973203,1
Server-3,22,4,5.850469977562571,0
Server-4,22,4,11.93432975731279,1
Server-1,23,4,17.937340419644244,1
Server-2,23,4,13.420956592019968,1
Server-3,23,4,18.336266649536583,0
Server-4,23,4,25.86298020609104,0
Server-1,0,5,19.41908878391058,1
Server-2,0,5,17.75971665972908,0
Server-3,0,5,20.607033531528664,1
Server-4,0,5,23.024629241424623,1
Server-1,1,5,20.93212435941183,0
Server-2,1,5,27.630082427391827,0
Server-3,1,5,28.67943953674364,1
Server-4,1,5,10.343005657528469,0
Server-1,2,5,3.910376603016079,1
Server-2,2,5,3.029585472585935,1
Server-3,2,5,4.519715915340648,1
Server-4,2,5,4.552105239814152,1
Server-1,3,5,1.1184461946790378,1
Server-2,3,5,3.56694238201356,1
Server-3,3,5,3.861839645572207,1
Server-4,3,5,1.3364101423027037,1
Server-1,4,5,4.744510263474723,1
Server-2,4,5,1.8851043220332144,1
Server-3,4,5,3.0036164676323973,1
Server-4,4,5,3.7859743626126496,1
Server-1,5,5,24.651252455178728,1
Server-2,5,5,14.995294524743892,0
Server-3,5,5,7.736089088644459,0
Server-4,5,5,25.997818649700058,1
Server-1,6,5,13.800654851296045,0
Server-2,6,5,27.304018064526343,1
Server-3,6,5,5.754190470398969,0
Server-4,6,5,14.683070792859505,1
Server-1,7,5,29.419842161730124,1
Server-2,7,5,7.60180891573121,1
Server-3,7,5,27.519162237025057,0
Server-4,7,5,25.030491349751262,0
Server-1,8,5,13.586469554891115,1
Server-2,8,5,21.01127269190744,1
Server-3,8,5,14.999642899124272,0
Server-4,8,5,22.299001686156963,0
Server-1,9,5,56.85610776415794,0
Server-2,9,5,87.2064154511057,0
Server-3,9,5,45.18976074527871,0
Server-4,9,5,62.03561663503346,0
Server-1,10,5,43.238162066650325,0
Server-2,10,5,83.22576605286105,0
Server-3,10,5,42.52845039669483,0
Server-4,10,5,44.70588825391805,0
Server-1,11,5,78.47550355606882,0
Server-2,11,5,41.15483926954528,0
Server-3,11,5,64.41421059666796,0
Server-4,11,5,47.560824925884376,0
Server-1,12,5,51.91121219489513,0
Server-2,12,5,58.92183397325857,0
Server-3,12,5,84.95670823756797,0
Server-4,12,5,86.62062113980446,0
Server-1,13,5,47.92705597599838,0
Server-2,13,5,72.40537930063408,0
Server-3,13,5,59.35913703297912,0
Server-4,13,5,85.4271609797955,0
Server-1,14,5,54.019268737321745,0
Server-2,14,5,54.18600672468004,0
Server-3,14,5,64.45886841662926,0
Server-4,14,5,50.8515174106686,0
Server-1,15,5,47.444003340238666,0
Server-2,15,5,55.84519302539247,0
Server-3,15,5,61.976162755644424,0
Server-4,15,5,71.20913127342423,0
Server-1,16,5,50.30231981453765,0
Server-2,16,5,85.04639299139706,0
Server-3,16,5,73.96030129603992,0
Server-4,16,5,65.4578849153946,0
Server-1,17,5,83.74848927368564,0
Server-2,17,5,83.93938678418402,0
Server-3,17,5,70.91539056641534,0
Server-4,17,5,81.27020933552552,0
Server-1,18,5,40.95691099818209,0
Server-2,18,5,44.90721681943692,0
Server-3,18,5,46.034121395984876,0
Server-4,18,5,84.32624871739823,0
Server-1,19,5,14.39996742968183,0
Server-2,19,5,20.664139042179443,1
Server-3,19,5,19.448035618446553,1
Server-4,19,5,14.381956129557015,0
Server-1,20,5,25.604874202613033,1
Server-2,20,5,21.5124017473911,1
Server-3,20,5,23.886070161138978,0
Server-4,20,5,15.925837786565554,1
Server-1,21,5,15.379005756942137,0
Server-2,21,5,12.9629556547055,1
Server-3,21,5,8.245849399549325,1
Server-4,21,5,27.702553732973218,0
Server-1,22,5,22.625611860027753,0
Server-2,22,5,22.137153178847818,0
Server-3,22,5,13.841642317815277,1
Server-4,22,5,6.488025633792509,1
Server-1,23,5,29.070794808100562,1
Server-2,23,5,22.362154630202983,1
Server-3,23,5,20.28055472126891,0
Server-4,23,5,9.981325440680518,1
Server-1,0,6,24.113403868456814,0
Server-2,0,6,6.0429073366193915,1
Server-3,0,6,16.4167532034665,0
Server-4,0,6,16.425931899797362,0
Server-1,1,6,6.390509884824715,1
Server-2,1,6,13.85580524443672,0
Server-3,1,6,24.056325517009505,0
Server-4,1,6,10.997208090536258,1
Server-1,2,6,3.6205262320276796,1
Server-2,2,6,3.3629070569005037,1
Server-3,2,6,4.483696887578516,1
Server-4,2,6,2.530968263750684,1
Server-1,3,6,2.609462838877369,1
Server-2,3,6,3.8126681403046034,1
Server-3,3,6,2.8477992050600185,1
Server-4,3,6,2.694514282771963,1
Server-1,4,6,1.8025352400651324,1
Server-2,4,6,1.8775027436714362,1
Server-3,4,6,1.0941118197958843,1
Server-4,4,6,3.551468708641065,1
Server-1,5,6,26.767313573541188,0
Server-2,5,6,26.314835710153865,1
Server-3,5,6,28.008764590009797,0
Server-4,5,6,22.9621205467502,1
Server-1,6,6,12.568601608242743,1
Server-2,6,6,21.114446078994963,0
Server-3,6,6,15.72817945843719,0
Server-4,6,6,25.756992184392224,1
Server-1,7,6,17.560136301495568,1
Server-2,7,6,29.55597807676028,0
Server-3,7,6,7.19889677225131,1
Server-4,7,6,29.726424194451855,1
Server-1,8,6,5.963549367783786,0
Server-2,8,6,28.60188174035606,1
Server-3,8,6,26.129078317362264,1
Server-4,8,6,13.82635081472272,0
Server-1,9,6,44.73993553097187,0
Server-2,9,6,82.05224573033543,0
Server-3,9,6,77.31838321495704,0
Server-4,9,6,48.30757499373383,0
Server-1,10,6,83.0039412824525,0
Server-2,10,6,73.81126716941122,0
Server-3,10,6,43.892605192654884,0
Server-4,10,6,49.79486802678079,0
Server-1,11,6,82.71417317688486,0
Server-2,11,6,56.25975531726017,0
Server-3,11,6,52.70411978425616,0
Server-4,11,6,41.88905204483881,0
Server-1,12,6,87.02801601698008,0
Server-2,12,6,89.87646015515179,0
Server-3,12,6,86.70726805181073,0
Server-4,12,6,45.20695031408067,0
Server-1,13,6,51.01647642466125,0
Server-2,13,6,45.96697196474253,0
Server-3,13,6,51.99725900284783,0
Server-4,13,6,87.61054905706155,0
Server-1,14,6,61.19698773207732,0
Server-2,14,6,50.28408591632046,0
Server-3,14,6,63.34340738501581,0
Server-4,14,6,52.56204158328483,0
Server-1,15,6,68.69505668333474,0
Server-2,15,6,50.544278800360956,0
Server-3,15,6,72.69569186095862,0
Server-4,15,6,75.2724851575069,0
Server-1,16,6,77.59746837285459,0
Server-2,16,6,70.76612782128153,0
Server-3,16,6,85.60345382906556,0
Server-4,16,6,70.0805087308402,0
Server-1,17,6,89.798344732108,0
Server-2,17,6,50.41475100133434,0
Server-3,17,6,72.74150905280604,0
Server-4,17,6,73.04815743370644,0
Server-1,18,6,75.55969555136593,0
Server-2,18,6,76.68902568629619,0
Server-3,18,6,86.97529997338998,0
Server-4,18,6,62.882684786417386,0
Server-1,19,6,17.98559708003559,0
Server-2,19,6,23.32693351364896,1
Server-3,19,6,9.610633179722484,0
Server-4,19,6,8.374318798924762,1
Server-1,20,6,24.883741005524158,0
Server-2,20,6,15.70043119686905,0
Server-3,20,6,14.865767005746026,0
Server-4,20,6,15.924714876210128,1
Server-1,21,6,10.715374974634273,0
Server-2,21,6,27.85323363787067,1
Server-3,21,6,25.262807568787338,1
Server-4,21,6,27.64189422290031,1
Server-1,22,6,23.34164623163385,1
Server-2,22,6,5.340572296935663,0
Server-3,22,6,8.666049410860714,1
Server-4,22,6,14.625605854793088,0
Server-1,23,6,7.255676699868597,0
Server-2,23,6,22.02445449124262,1
Server-3,23,6,27.317865008240563,1
Server-4,23,6,17.71834684945341,1
Server-1,0,0,24.866165141482778,1
Server-2,0,0,21.557576216160673,0
Server-3,0,0,12.511725061682315,1
Server-4,0,0,28.81853059925942,1
Server-1,1,0,20.88078236531717,1
Server-2,1,0,15.428982069628901,1
Server-3,1,0,27.666034619306913,1
Server-4,1,0,14.545463897593295,0
Server-1,2,0,4.838432768803634,1
Server-2,2,0,1.9876929397558718,1
Server-3,2,0,4.581714807465927,1
Server-4,2,0,1.6362897059907069,1
Server-1,3,0,4.909218376979334,1
Server-2,3,0,3.287493977434915,1
Server-3,3,0,1.9393274040318307,1
Server-4,3,0,3.1926020828650943,1
Server-1,4,0,3.2171791348509955,1
Server-2,4,0,1.5087510644309452,1
Server-3,4,0,2.6993298549499145,1
Server-4,4,0,4.682316541396279,1
Server-1,5,0,28.27156286064441,1
Server-2,5,0,22.579277343836143,0
Server-3,5,0,24.650534604910995,1
Server-4,5,0,7.457760785082311,1
Server-1,6,0,22.728338597757674,1
Server-2,6,0,24.44029177107734,0
Server-3,6,0,21.957673908050744,1
Server-4,6,0,5.553437932870074,1
Server-1,7,0,13.263499916977649,1
Server-2,7,0,8.48411434089164,1
Server-3,7,0,24.944129879249488,0
Server-4,7,0,15.72892859881453,0
Server-1,8,0,10.650435902518538,1
Server-2,8,0,16.974307372651552,0
Server-3,8,0,22.961381241167455,1
Server-4,8,0,20.25168084391478,0
Server-1,9,0,73.5072192949242,0
Server-2,9,0,88.12591890548205,0
Server-3,9,0,48.08173993336087,0
Server-4,9,0,83.0076867983791,0
Server-1,10,0,63.53181918761202,0
Server-2,10,0,61.118572002914725,0
Server-3,10,0,49.7502703797397,0
Server-4,10,0,78.56795767825452,0
Server-1,11,0,86.47829542716428,0
Server-2,11,0,83.72345247786751,0
Server-3,11,0,87.26765692813015,0
Server-4,11,0,86.30461157076854,0
Server-1,12,0,80.91491598041043,0
Server-2,12,0,71.45370611819536,0
Server-3,12,0,64.54966565709357,0
Server-4,12,0,52.593617344252635,0
Server-1,13,0,73.36727411919863,0
Server-2,13,0,80.72214297998129,0
Server-3,13,0,60.70757421994759,0
Server-4,13,0,78.99841665654435,0
Server-1,14,0,53.561066230263926,0
Server-2,14,0,56.19632484633057,0
Server-3,14,0,67.82955699841332,0
Server-4,14,0,87.97690827869218,0
Server-1,15,0,63.38738903524145,0
Server-2,15,0,58.14183382826327,0
Server-3,15,0,88.00400233468565,0
Server-4,15,0,75.05258155205676,0
Server-1,16,0,81.66620692483434,0
Server-2,16,0,62.00335523462894,0
Server-3,16,0,43.71749098004523,0
Server-4,16,0,65.11684428830578,0
Server-1,17,0,48.70744901668837,0
Server-2,17,0,51.341292264959286,0
Server-3,17,0,64.22678283938849,0
Server-4,17,0,59.58794193016345,0
Server-1,18,0,41.748305315953665,0
Server-2,18,0,61.435626184821295,0
Server-3,18,0,86.78602309829084,0
Server-4,18,0,79.23016335407002,0
Server-1,19,0,15.661960040811797,0
Server-2,19,0,14.034373368649826,1
Server-3,19,0,26.217903845744353,1
Server-4,19,0,7.369372954627908,0
Server-1,20,0,19.13645776460369,1
Server-2,20,0,29.030840795011574,0
Server-3,20,0,6.459108274709231,1
Server-4,20,0,15.964406791209354,1
Server-1,21,0,27.758428652414732,0
Server-2,21,0,17.577574779220818,1
Server-3,21,0,25.829581597215437,0
Server-4,21,0,25.40846830381965,0
Server-1,22,0,10.912489395221534,0
Server-2,22,0,10.204647269923527,0
Server-3,22,0,12.617725056780127,1
Server-4,22,0,16.660345443278104,0
Server-1,23,0,7.0645323262861055,0
Server-2,23,0,12.089534714980372,0
Server-3,23,0,21.84478593398508,1
Server-4,23,0,18.43447093426059,0
Server-1,0,1,21.127556358382947,0
Server-2,0,1,29.415629433326675,0
Server-3,0,1,18.370388761087526,0
Server-4,0,1,22.780557909805694,0
Server-1,1,1,26.572677705744866,0
Server-2,1,1,27.214038204950874,0
Server-3,1,1,21.117297125728562,1
Server-4,1,1,9.780269828213124,0
Server-1,2,1,4.950768854242918,1
Server-2,2,1,4.165550724602081,1
Server-3,2,1,1.1428917439300705,1
Server-4,2,1,3.500326667192057,1
Server-1,3,1,1.7334605392676266,1
Server-2,3,1,3.412692690105637,1
Server-3,3,1,2.5509847484899333,1
Server-4,3,1,4.950528723356019,1
Server-1,4,1,2.535380335811539,1
Server-2,4,1,1.434001090437084,1
Server-3,4,1,2.1105050015139994,1
Server-4,4,1,3.799640041743704,1
Server-1,5,1,13.326275987738608,1
Server-2,5,1,5.997668225028825,1
Server-3,5,1,20.56757436300168,1
Server-4,5,1,13.894957900102188,1
Server-1,6,1,11.811574550791931,0
Server-2,6,1,19.968090648126186,0
Server-3,6,1,19.728457318748063,1
Server-4,6,1,11.444475599530893,0
Server-1,7,1,10.121166949844383,0
Server-2,7,1,12.859208843988549,1
Server-3,7,1,10.573550502103725,0
Server-4,7,1,28.68950444263948,0
Server-1,8,1,5.359917320793096,0
Server-2,8,1,28.207398851497103,0
Server-3,8,1,11.20556888485701,1
Server-4,8,1,12.24342657422812,1
Server-1,9,1,72.98637683795972,0
Server-2,9,1,89.71699195645371,0
Server-3,9,1,54.78438828077388,0
Server-4,9,1,88.96118210483088,0
Server-1,10,1,47.306606321738485,0
Server-2,10,1,81.62857314677584,0
Server-3,10,1,87.80766148670968,0
Server-4,10,1,42.35275232025254,0
Server-1,11,1,87.51606054903417,0
Server-2,11,1,46.251295354135735,0
Server-3,11,1,68.98645954589715,0
Server-4,11,1,74.56920646872466,0
Server-1,12,1,67.42143030736867,0
Server-2,12,1,61.70093653177746,0
Server-3,12,1,69.11636231273694,0
Server-4,12,1,41.72291618211008,0
Server-1,13,1,60.36504765145426,0
Server-2,13,1,69.6887461553246,0
Server-3,13,1,43.466314665566856,0
Server-4,13,1,84.7667831686303,0
Server-1,14,1,47.93352881888011,0
Server-2,14,1,62.15697520526361,0
Server-3,14,1,86.45217672826918,0
Server-4,14,1,85.50672600717374,0
Server-1,15,1,68.52001511626375,0
Server-2,15,1,79.85398703183981,0
Server-3,15,1,51.631300255037935,0
Server-4,15,1,49.34894033670933,0
Server-1,16,1,49.091613420928844,0
Server-2,16,1,86.84648508866974,0
Server-3,16,1,44.96008811717022,0
Server-4,16,1,44.36387093920245,0
Server-1,17,1,71.69561137912159,0
Server-2,17,1,46.80602151903335,0
Server-3,17,1,82.31381220995652,0
Server-4,17,1,79.54449402919431,0
Server-1,18,1,69.83397143880075,0
Server-2,18,1,63.20706565741779,0
Server-3,18,1,67.5467665911137,0
Server-4,18,1,43.65698640747553,0
Server-1,19,1,27.883345340479845,1
Server-2,19,1,23.965581369640383,0
Server-3,19,1,21.35427835752599,1
Server-4,19,1,29.291426546801596,1
Server-1,20,1,24.602437280877027,0
Server-2,20,1,22.944833451408325,1
Server-3,20,1,8.25606334952004,0
Server-4,20,1,7.35242783810893,0
Server-1,21,1,25.736131710338793,1
Server-2,21,1,19.3842765983783,0
Server-3,21,1,8.455039453477903,0
Server-4,21,1,11.993351977080916,1
Server-1,22,1,8.6508871901753,0
Server-2,22,1,14.576608797789895,1
Server-3,22,1,10.498418539438463,1
Server-4,22,1,9.630932383840328,1
Server-1,23,1,11.098931769703288,0
Server-2,23,1,19.013829703159942,1
Server-3,23,1,9.97388534335784,1
Server-4,23,1,29.722206600913566,1
Server-1,0,2,11.92551956794317,1
Server-2,0,2,16.947288718001523,0
Server-3,0,2,10.87795868466267,1
Server-4,0,2,8.292386643380427,1
Server-1,1,2,5.361252793582079,1
Server-2,1,2,27.26813479214009,0
Server-3,1,2,13.480502980803855,1
Server-4,1,2,26.663894276389815,0
Server-1,2,2,3.6072243342478,1
Server-2,2,2,4.797033789294368,1
Server-3,2,2,4.985788406894987,1
Server-4,2,2,2.7200665538530777,1
Server-1,3,2,4.474455747973317,1
Server-2,3,2,3.2939740060328964,1
Server-3,3,2,1.8869613187344392,1
Server-4,3,2,4.197840284415837,1
Server-1,4,2,2.5851079562189967,1
Server-2,4,2,2.301665238339007,1
Server-3,4,2,2.4845531985675318,1
Server-4,4,2,3.1674233696238,1
Server-1,5,2,9.841799423910366,1
Server-2,5,2,7.334917417240106,1
Server-3,5,2,26.137465442799986,1
Server-4,5,2,17.38220674976081,1
Server-1,6,2,20.133543225807312,1
Server-2,6,2,13.833716707805653,1
Server-3,6,2,12.70629382130032,0
Server-4,6,2,24.981036901412217,0
Server-1,7,2,22.467975983045008,1
Server-2,7,2,7.017546732882691,1
Server-3,7,2,6.848232318749721,1
Server-4,7,2,17.752244666222722,0
Server-1,8,2,6.614913254030981,1
Server-2,8,2,22.363610108583043,1
Server-3,8,2,19.023555371825047,0
Server-4,8,2,17.7947824443797,1
Server-1,9,2,65.19531267149375,0
Server-2,9,2,49.15595919310793,0
Server-3,9,2,87.4838799195976,0
Server-4,9,2,43.600141976995374,0
Server-1,10,2,70.83310496963611,0
Server-2,10,2,48.923919471285316,0
Server-3,10,2,43.93383851032675,0
Server-4,10,2,78.87715762275371,0
Server-1,11,2,44.71219825966399,0
Server-2,11,2,44.729921531172536,0
Server-3,11,2,64.62654576640935,0
Server-4,11,2,62.68652976971224,0
Server-1,12,2,49.15339660406737,0
Server-2,12,2,61.29273833642204,0
Server-3,12,2,63.532618068157866,0
Server-4,12,2,42.744050374828554,0
Server-1,13,2,44.03122916156547,0
Server-2,13,2,49.86408748111446,0
Server-3,13,2,41.19085561749415,0
Server-4,13,2,40.19921157446803,0
Server-1,14,2,55.30541956525437,0
Server-2,14,2,81.67874110591426,0
Server-3,14,2,54.477848129428,0
Server-4,14,2,57.678410241331974,0
Server-1,15,2,57.01182364965633,0
Server-2,15,2,74.07288999627804,0
Server-3,15,2,82.35580450555672,0
Server-4,15,2,56.844146674718615,0
Server-1,16,2,47.85228693325263,0
Server-2,16,2,66.9377859663966,0
Server-3,16,2,87.8240777484939,0
Server-4,16,2,81.88616809544898,0
Server-1,17,2,40.38934879075951,0
Server-2,17,2,64.03614568667015,0
Server-3,17,2,47.20680460088045,0
Server-4,17,2,69.25874086881953,0
Server-1,18,2,40.63028022839082,0
Server-2,18,2,87.12809977953944,0
Server-3,18,2,66.97619233122944,0
Server-4,18,2,62.984040908501555,0
Server-1,19,2,14.87892572089002,1
Server-2,19,2,15.151818658445164,1
Server-3,19,2,13.502519120139631,1
Server-4,19,2,29.90049287176378,1
Server-1,20,2,16.688061977691966,0
Server-2,20,2,9.487614983360285,1
Server-3,20,2,7.643929531113626,1
Server-4,20,2,16.832436559276477,0
Server-1,21,2,26.127290271143114,0
Server-2,21,2,10.275458789777765,1
Server-3,21,2,7.628427694002147,0
Server-4,21,2,29.577285916521316,0
Server-1,22,2,23.566123064680383,0
Server-2,22,2,28.413843128936932,0
Server-3,22,2,24.957398264334035,1
Server-4,22,2,20.934924270272006,0
Server-1,23,2,16.70521212592911,0
Server-2,23,2,23.440543859485658,0
Server-3,23,2,24.109930592668995,1
Server-4,23,2,23.473199905449704,1
Server-1,0,3,15.24952148449176,0
Server-2,0,3,5.026605399798433,0
Server-3,0,3,9.943892736521574,0
Server-4,0,3,22.960035093189692,0
Server-1,1,3,15.643460648924554,0
Server-2,1,3,27.194465804543427,1
Server-3,1,3,10.160006265038763,0
Server-4,1,3,27.23379665789316,1
Server-1,2,3,4.4113435035970205,1
Server-2,2,3,2.3049356814661666,1
Server-3,2,3,2.709045682255403,1
Server-4,2,3,3.2275879382778907,1
Server-1,3,3,3.6489548707488266,1
Server-2,3,3,4.2230647001222525,1
Server-3,3,3,1.518314948219535,1
Server-4,3,3,4.6004028907944585,1
Server-1,4,3,4.815524463709721,1
Server-2,4,3,3.0922551381562746,1
Server-3,4,3,2.67488184651028,1
Server-4,4,3,4.9156070655620585,1
Server-1,5,3,9.279154900333193,1
Server-2,5,3,13.005428666407171,0
Server-3,5,3,7.50220449778887,1
Server-4,5,3,20.350337321455292,1
Server-1,6,3,24.49159046259586,0
Server-2,6,3,18.798733240196768,1
Server-3,6,3,8.00195945497856,0
Server-4,6,3,5.142619377567069,0
Server-1,7,3,15.478294163318097,0
Server-2,7,3,11.615176319401176,0
Server-3,7,3,5.211547772530291,1
Server-4,7,3,26.127788984787188,1
Server-1,8,3,15.793361805998488,1
Server-2,8,3,22.583833146561,0
Server-3,8,3,9.644956352893914,1
Server-4,8,3,22.512307442143072,1
Server-1,9,3,52.930979623802905,0
Server-2,9,3,74.76859339276955,0
Server-3,9,3,40.685924052660866,0
Server-4,9,3,67.9178268572685,0
Server-1,10,3,86.0090904115165,0
Server-2,10,3,56.89949739423379,0
Server-3,10,3,67.37197351731592,0
Server-4,10,3,49.043915780781376,0
Server-1,11,3,70.6249657892862,0
Server-2,11,3,40.16793241123068,0
Server-3,11,3,41.567208415808466,0
Server-4,11,3,73.33911607943708,0
Server-1,12,3,77.43712583601791,0
Server-2,12,3,67.08536354552055,0
Server-3,12,3,51.57688538080277,0
Server-4,12,3,72.78495825961633,0
Server-1,13,3,84.97696394779402,0
Server-2,13,3,68.57977564326612,0
Server-3,13,3,61.19179028420188,0
Server-4,13,3,57.15421723739085,0
Server-1,14,3,45.91280590487482,0
Server-2,14,3,42.08855755399373,0
Server-3,14,3,67.8470561313757,0
Server-4,14,3,71.26739752761037,0
Server-1,15,3,54.11113255550788,0
Server-2,15,3,43.690731272797386,0
Server-3,15,3,61.30940782764935,0
Server-4,15,3,45.4335446357151,0
Server-1,16,3,89.99309023717711,0
Server-2,16,3,56.30949815915773,0
Server-3,16,3,45.14829834467685,0
Server-4,16,3,67.96112410098445,0
Server-1,17,3,65.95621488075277,0
Server-2,17,3,62.456988512959,0
Server-3,17,3,40.58478003735058,0
Server-4,17,3,75.0077632352997,0
Server-1,18,3,78.4576863769677,0
Server-2,18,3,42.863353907235755,0
Server-3,18,3,82.69287772683029,0
Server-4,18,3,56.90170718104671,0
Server-1,19,3,9.093330423258651,0
Server-2,19,3,11.20860108070896,0
Server-3,19,3,28.170696188807792,1
Server-4,19,3,28.758765612232274,0
Server-1,20,3,13.110815231565757,0
Server-2,20,3,21.453490943665223,1
Server-3,20,3,15.664196228259268,0
Server-4,20,3,21.859668850043988,1
Server-1,21,3,11.160599057922683,0
Server-2,21,3,5.3714450288961055,1
Server-3,21,3,22.25671046216044,0
Server-4,21,3,19.17796229505401,1
Server-1,22,3,29.00121196986134,0
Server-2,22,3,21.83523464380051,0
Server-3,22,3,28.36352505269012,0
Server-4,22,3,17.195447278734516,0
Server-1,23,3,26.844880807102285,1
Server-2,23,3,14.277483379681748,0
Server-3,23,3,9.24967867366167,1
Server-4,23,3,23.791854920924262,1
Server-1,0,4,16.15687636704381,0
Server-2,0,4,15.72928075966366,1
Server-3,0,4,15.500509060003163,1
Server-4,0,4,20.20613688379317,1
Server-1,1,4,14.821159966051033,0
Server-2,1,4,16.930283290582402,0
Server-3,1,4,16.722771435701333,0
Server-4,1,4,6.163758839106524,1
Server-1,2,4,2.4926603859861123,1
Server-2,2,4,4.214016908023196,1
Server-3,2,4,3.098433023679093,1
Server-4,2,4,2.571465296507008,1
Server-1,3,4,4.831953791504098,1
Server-2,3,4,1.2071064643182665,1
Server-3,3,4,1.9764955325488525,1
Server-4,3,4,4.9220916092787075,1
Server-1,4,4,3.465839701472974,1
Server-2,4,4,1.5154469162935582,1
Server-3,4,4,3.804001186555985,1
Server-4,4,4,2.5879304211176506,1
Server-1,5,4,12.859886204293094,1
Server-2,5,4,13.86632973604027,1
Server-3,5,4,17.852557281713622,0
Server-4,5,4,17.18734103947415,0
Server-1,6,4,24.144601892165813,0
Server-2,6,4,19.314315093126012,0
Server-3,6,4,21.533405398041,0
Server-4,6,4,18.135731328067216,0
Server-1,7,4,8.293994410921766,1
Server-2,7,4,6.853262870792966,1
Server-3,7,4,11.491738096245331,0
Server-4,7,4,9.795937270719458,1
Server-1,8,4,28.913035959555586,0
Server-2,8,4,29.530709360004234,1
Server-3,8,4,14.829776024938683,0
Server-4,8,4,23.66103043833891,1
Server-1,9,4,84.72492254992405,0
Server-2,9,4,40.48735118179581,0
Server-3,9,4,88.79291708348839,0
Server-4,9,4,47.25638328539156,0
Server-1,10,4,88.6296783227362,0
Server-2,10,4,70.39180470373512,0
Server-3,10,4,89.02671250920125,0
Server-4,10,4,85.69385807553803,0
Server-1,11,4,42.968308099028825,0
Server-2,11,4,79.52502582734567,0
Server-3,11,4,49.2215452736428,0
Server-4,11,4,42.05090943070963,0
Server-1,12,4,66.13326126654155,0
Server-2,12,4,50.66701693677317,0
Server-3,12,4,50.938129935628695,0
Server-4,12,4,64.95193600639124,0
Server-1,13,4,70.59277280658733,0
Server-2,13,4,67.49725367833409,0
Server-3,13,4,76.05747453695658,0
Server-4,13,4,59.42412220569085,0
Server-1,14,4,85.8545337821235,0
Server-2,14,4,72.08101855464106,0
Server-3,14,4,67.98469001447646,0
Server-4,14,4,44.38613575290752,0
Server-1,15,4,68.34954889069445,0
Server-2,15,4,40.03071844605051,0
Server-3,15,4,71.95748586199663,0
Server-4,15,4,43.12237419093957,0
Server-1,16,4,46.984519046803975,0
Server-2,16,4,64.07942502360528,0
Server-3,16,4,58.09338047536343,0
Server-4,16,4,59.997867346929766,0
Server-1,17,4,84.11783295864322,0
Server-2,17,4,64.3895894381169,0
Server-3,17,4,56.30057415177417,0
Server-4,17,4,80.25490579351477,0
Server-1,18,4,70.3085799147517,0
Server-2,18,4,56.368395824796224,0
Server-3,18,4,49.15224202351849,0
Server-4,18,4,71.28363940887313,0
Server-1,19,4,7.252526145688338,0
Server-2,19,4,20.11141607793887,0
Server-3,19,4,7.262585475105105,1
Server-4,19,4,7.001766862033144,1
Server-1,20,4,29.36633062673762,1
Server-2,20,4,12.324783455844976,0
Server-3,20,4,22.87354500156114,0
Server-4,20,4,6.801826683750813,1
Server-1,21,4,10.401508159573215,1
Server-2,21,4,21.079862120000303,1
Server-3,21,4,11.71478774047382,1
Server-4,21,4,22.38134068723289,1
Server-1,22,4,18.9765195096614,1
Server-2,22,4,16.958301244844428,1
Server-3,22,4,11.86104103115608,0
Server-4,22,4,19.425584854620382,1
Server-1,23,4,23.778265256985698,1
Server-2,23,4,5.863806744015175,0
Server-3,23,4,8.047692561320675,0
Server-4,23,4,11.00035254386268,1
Server-1,0,5,26.207316555871024,1
Server-2,0,5,23.646035123898265,0
Server-3,0,5,15.949741940104222,1
Server-4,0,5,10.281158816924597,1
Server-1,1,5,7.305997378336971,0
Server-2,1,5,28.9344598227547,1
Server-3,1,5,26.318152841224553,1
Server-4,1,5,16.250429613951706,1
Server-1,2,5,1.4120922970476255,1
Server-2,2,5,2.290198745104702,1
Server-3,2,5,2.851722737094254,1
Server-4,2,5,3.869211852028317,1
Server-1,3,5,1.688115565936009,1
Server-2,3,5,3.6670115183693754,1
Server-3,3,5,4.114848238041739,1
Server-4,3,5,4.242158381113128,1
Server-1,4,5,3.0024632865714787,1
Server-2,4,5,1.0217575992375951,1
Server-3,4,5,4.031055879163115,1
Server-4,4,5,3.321166900119196,1
Server-1,5,5,7.986579768663145,0
Server-2,5,5,20.01383954812686,1
Server-3,5,5,7.849573811005488,0
Server-4,5,5,15.385221197694335,0
Server-1,6,5,19.000216674110106,1
Server-2,6,5,14.79000185892826,0
Server-3,6,5,23.170192901840473,1
Server-4,6,5,17.599576916450637,0
Server-1,7,5,17.06876518091861,1
Server-2,7,5,5.648258709884542,0
Server-3,7,5,7.8035957718123115,0
Server-4,7,5,22.314706159600153,1
Server-1,8,5,27.826040953826183,1
Server-2,8,5,23.07743573000753,1
Server-3,8,5,11.677550193846635,0
Server-4,8,5,8.094722800438888,0
Server-1,9,5,40.16444138336571,0
Server-2,9,5,66.7327270358342,0
Server-3,9,5,89.38270584027252,0
Server-4,9,5,71.67405518845769,0
Server-1,10,5,79.01713984084104,0
Server-2,10,5,62.335462640718475,0
Server-3,10,5,72.39020549333218,0
Server-4,10,5,40.06886317609686,0
Server-1,11,5,42.96221361313687,0
Server-2,11,5,47.989836410888174,0
Server-3,11,5,62.0594680751344,0
Server-4,11,5,61.86940486209497,0
Server-1,12,5,86.90048150828613,0
Server-2,12,5,79.73429203017744,0
Server-3,12,5,49.0469905480095,0
Server-4,12,5,62.5125284558024,0
Server-1,13,5,71.75553132840665,0
Server-2,13,5,43.462332281016806,0
Server-3,13,5,57.889630684373174,0
Server-4,13,5,50.075908867573844,0
Server-1,14,5,83.51945710912305,0
Server-2,14,5,42.972818134375494,0
Server-3,14,5,85.34408895252515,0
Server-4,14,5,74.41658356980736,0
Server-1,15,5,68.94404797619389,0
Server-2,15,5,47.52342276137202,0
Server-3,15,5,81.19086994810999,0
Server-4,15,5,67.58315040100464,0
Server-1,16,5,78.58120083506797,0
Server-2,16,5,83.52325611411854,0
Server-3,16,5,80.75433768721486,0
Server-4,16,5,78.65201661790422,0
Server-1,17,5,58.590362202698564,0
Server-2,17,5,83.04649508690628,0
Server-3,17,5,75.94675750998104,0
Server-4,17,5,42.43952342773196,0
Server-1,18,5,49.781649057122856,0
Server-2,18,5,88.12546747521573,0
Server-3,18,5,74.05059202081912,0
Server-4,18,5,86.89870539810258,0
Server-1,19,5,16.57245264472173,0
Server-2,19,5,29.123779385762536,1
Server-3,19,5,11.693521326609535,1
Server-4,19,5,21.84710611822243,1
Server-1,20,5,9.058423169764078,1
Server-2,20,5,23.856836272786524,1
Server-3,20,5,7.682993805578571,0
Server-4,20,5,28.01016330324133,0
Server-1,21,5,14.86280298840572,0
Server-2,21,5,10.66010757630631,0
Server-3,21,5,12.399697924906896,1
Server-4,21,5,15.195363322877068,1
Server-1,22,5,20.272797110430368,0
Server-2,22,5,26.1207337453999,0
Server-3,22,5,28.236001825076084,1
Server-4,22,5,17.247456646395463,1
Server-1,23,5,9.220121009016475,0
Server-2,23,5,19.45607099465936,0
Server-3,23,5,29.517166408672193,1
Server-4,23,5,26.64727384083993,0
Server-1,0,6,9.108458216954494,1
Server-2,0,6,26.066666898080786,0
Server-3,0,6,23.567518479422624,0
Server-4,0,6,28.708002468113357,1
Server-1,1,6,6.524418454301587,1
Server-2,1,6,12.612205539950128,0
Server-3,1,6,24.94377022807436,1
Server-4,1,6,17.894516529378883,1
Server-1,2,6,2.63989231853858,1
Server-2,2,6,4.33702100427776,1
Server-3,2,6,2.3073034114821467,1
Server-4,2,6,4.4825649741673415,1
Server-1,3,6,1.1957914550850877,1
Server-2,3,6,1.5322806327345582,1
Server-3,3,6,4.586481813498047,1
Server-4,3,6,1.6847212230339026,1
Server-1,4,6,1.0900091220185018,1
Server-2,4,6,1.573012946134635,1
Server-3,4,6,2.4819410741832515,1
Server-4,4,6,4.863938523164446,1
Server-1,5,6,19.467814805615077,0
Server-2,5,6,5.280604358508199,1
Server-3,5,6,13.656953432163467,1
Server-4,5,6,6.546168309371648,0
Server-1,6,6,17.023776339646894,0
Server-2,6,6,19.450482259055747,1
Server-3,6,6,21.78667683566321,1
Server-4,6,6,25.11684142057149,1
Server-1,7,6,20.730717851387762,0
Server-2,7,6,7.161378334799327,0
Server-3,7,6,11.62693093279723,0
Server-4,7,6,21.958969041202227,0
Server-1,8,6,20.82639033182849,0
Server-2,8,6,9.253255181338828,1
Server-3,8,6,17.178789331415814,0
Server-4,8,6,14.305773383372124,1
Server-1,9,6,85.07154750645887,0
Server-2,9,6,61.596920150522294,0
Server-3,9,6,80.3177304566724,0
Server-4,9,6,80.94789552228106,0
Server-1,10,6,80.93829167480041,0
Server-2,10,6,56.13626573379498,0
Server-3,10,6,40.46025447947774,0
Server-4,10,6,74.30874753803273,0
Server-1,11,6,41.816877957575244,0
Server-2,11,6,72.44225114029305,0
Server-3,11,6,54.461390473098376,0
Server-4,11,6,80.16004273313834,0
Server-1,12,6,89.83946131307471,0
Server-2,12,6,42.36590415729392,0
Server-3,12,6,86.94631187394177,0
Server-4,12,6,46.982436676502815,0
Server-1,13,6,75.81615677547482,0
Server-2,13,6,52.77460180119479,0
Server-3,13,6,88.12773753342309,0
Server-4,13,6,73.84611033190163,0
Server-1,14,6,89.73431749466506,0
Server-2,14,6,44.41737794367707,0
Server-3,14,6,42.55103848508923,0
Server-4,14,6,69.53912527345705,0
Server-1,15,6,77.28199247658065,0
Server-2,15,6,78.82514026922551,0
Server-3,15,6,85.93542872329809,0
Server-4,15,6,84.31061150866165,0
Server-1,16,6,78.963312819697,0
Server-2,16,6,46.06616974715575,0
Server-3,16,6,40.41844401240925,0
Server-4,16,6,77.46378971283417,0
Server-1,17,6,66.13094691172327,0
Server-2,17,6,64.30815688017077,0
Server-3,17,6,70.49628549518602,0
Server-4,17,6,60.426386399929214,0
Server-1,18,6,89.33979309052036,0
Server-2,18,6,41.26763090820405,0
Server-3,18,6,82.34793992114567,0
Server-4,18,6,78.79017171024844,0
Server-1,19,6,21.591135828757373,1
Server-2,19,6,25.185811273965104,0
Server-3,19,6,28.494744723770353,0
Server-4,19,6,18.755591882540926,1
Server-1,20,6,24.7633282485752,1
Server-2,20,6,22.004774654558535,1
Server-3,20,6,13.144558645369143,0
Server-4,20,6,15.41586014009889,0
Server-1,21,6,24.2027455520744,1
Server-2,21,6,22.324924989953328,0
Server-3,21,6,16.919700126528184,0
Server-4,21,6,15.833601867024296,0
Server-1,22,6,24.310735895266273,0
Server-2,22,6,13.802633913372068,0
Server-3,22,6,12.862329262989546,1
Server-4,22,6,24.93359596649347,1
Server-1,23,6,7.135350010344286,0
Server-2,23,6,26.781105585883076,1
Server-3,23,6,9.075333595881563,1
Server-4,23,6,11.786964555319916,1
Server-1,0,0,18.73126393540384,0
Server-2,0,0,16.898274559655132,0
Server-3,0,0,18.51916035645187,0
Server-4,0,0,6.578630591449559,0
Server-1,1,0,27.1740923961509,0
Server-2,1,0,26.281093007607588,0
Server-3,1,0,10.130351846568495,1
Server-4,1,0,16.293671938299347,0
Server-1,2,0,1.9823919206663225,1
Server-2,2,0,2.4650093404945768,1
Server-3,2,0,2.446938529437095,1
Server-4,2,0,2.821028829719524,1
Server-1,3,0,2.8089777470227832,1
Server-2,3,0,1.295125420115204,1
Server-3,3,0,2.4214897794475556,1
Server-4,3,0,2.9866463300598443,1
Server-1,4,0,4.608590766772066,1
Server-2,4,0,2.9745387442738047,1
Server-3,4,0,2.862251493782578,1
Server-4,4,0,4.107269298850525,1
Server-1,5,0,6.802741948119338,0
Server-2,5,0,14.082542303001869,0
Server-3,5,0,8.415024166053593,0
Server-4,5,0,24.415305780662013,1
Server-1,6,0,26.561302986215708,0
Server-2,6,0,12.515720795346763,1
Server-3,6,0,7.73889728798507,0
Server-4,6,0,10.739259315085238,1
Server-1,7,0,11.958010642628619,0
Server-2,7,0,22.68681732742762,1
Server-3,7,0,17.92753374413316,0
Server-4,7,0,27.678900118009988,0
Server-1,8,0,15.121973700570521,1
Server-2,8,0,10.45178221991037,0
Server-3,8,0,24.01495212445595,0
Server-4,8,0,15.439128101652322,0
Server-1,9,0,60.99172511218799,0
Server-2,9,0,55.741873181015016,0
Server-3,9,0,79.49104555776242,0
Server-4,9,0,63.561529797082,0
Server-1,10,0,53.44410138149242,0
Server-2,10,0,78.65801224414506,0
Server-3,10,0,46.79135638319911,0
Server-4,10,0,58.00264784654891,0
Server-1,11,0,61.37526294841423,0
Server-2,11,0,48.38996097083521,0
Server-3,11,0,57.16985352611367,0
Server-4,11,0,43.97540189878894,0
Server-1,12,0,59.71373452097431,0
Server-2,12,0,87.86598975713957,0
Server-3,12,0,78.26293085605971,0
Server-4,12,0,72.60411387941073,0
Server-1,13,0,65.36505113698294,0
Server-2,13,0,74.56254737699369,0
Server-3,13,0,62.80772647579322,0
Server-4,13,0,62.48735211570293,0
Server-1,14,0,42.62532041379933,0
Server-2,14,0,77.97236411799717,0
Server-3,14,0,58.26346207477447,0
Server-4,14,0,70.71854663182756,0
Server-1,15,0,57.99834126235297,0
Server-2,15,0,46.76313603782653,0
Server-3,15,0,84.71563426679087,0
Server-4,15,0,53.272136941186545,0
Server-1,16,0,85.88988308347157,0
Server-2,16,0,62.68027100918849,0
Server-3,16,0,53.25753117699085,0
Server-4,16,0,77.91419055163246,0
Server-1,17,0,61.57497275978162,0
Server-2,17,0,42.73578955461939,0
Server-3,17,0,41.15533097439588,0
Server-4,17,0,42.64370945678152,0
Server-1,18,0,54.198462658055576,0
Server-2,18,0,45.18041786268897,0
Server-3,18,0,46.989787136847546,0
Server-4,18,0,50.537118262762455,0
Server-1,19,0,5.416868760952088,0
Server-2,19,0,25.15247270788085,1
Server-3,19,0,26.052314092361247,0
Server-4,19,0,14.079675938366746,0
Server-1,20,0,18.71351735034672,0
Server-2,20,0,8.146544994126426,0
Server-3,20,0,25.72200045712187,1
Server-4,20,0,8.592470750121635,0
Server-1,21,0,10.258839730687274,0
Server-2,21,0,23.6764516020252,0
Server-3,21,0,17.378651884769578,0
Server-4,21,0,6.6976538493075095,1
Server-1,22,0,25.134725999174986,1
Server-2,22,0,17.48409247508311,1
Server-3,22,0,24.502623237253427,1
Server-4,22,0,8.833353676362897,0
Server-1,23,0,8.702807222601542,0
Server-2,23,0,9.170725934906022,0
Server-3,23,0,15.205844929434535,1
Server-4,23,0,21.07743762237292,0
Server-1,0,1,24.092180384071106,0
Server-2,0,1,12.425127539083054,1
Server-3,0,1,7.6334647286793,0
Server-4,0,1,29.51455785565656,1
Server-1,1,1,9.801058887925745,1
Server-2,1,1,6.821866020291385,0
Server-3,1,1,18.390330369332986,1
Server-4,1,1,25.433224432554773,1
Server-1,2,1,3.9555326745797412,1
Server-2,2,1,3.2117248255927464,1
Server-3,2,1,3.7876027321211745,1
Server-4,2,1,3.780968453178082,1
Server-1,3,1,4.151011079540765,1
Server-2,3,1,2.0842696459866885,1
Server-3,3,1,1.977391327034601,1
Server-4,3,1,1.280967168809287,1
Server-1,4,1,4.262626028397901,1
Server-2,4,1,1.3977354106235302,1
Server-3,4,1,1.307377030988751,1
Server-4,4,1,4.281920267312133,1
Server-1,5,1,25.482000664296184,0
Server-2,5,1,11.07037448275983,1
Server-3,5,1,16.51699358997815,1
Server-4,5,1,29.424870030977356,0
Server-1,6,1,9.790407857115547,0
Server-2,6,1,13.141012732708974,1
Server-3,6,1,26.57264676298224,0
Server-4,6,1,24.2811483988888,0
Server-1,7,1,5.3862377811872655,0
Server-2,7,1,17.678313094861682,1
Server-3,7,1,7.647641658027103,0
Server-4,7,1,21.179260211435704,0
Server-1,8,1,26.829479950903053,0
Server-2,8,1,6.696638975323533,1
Server-3,8,1,20.600301751758373,1
Server-4,8,1,27.81654978143388,0
Server-1,9,1,89.36193529829706,0
Server-2,9,1,83.09335879318624,0
Server-3,9,1,83.30987808285789,0
Server-4,9,1,56.228778381384295,0
Server-1,10,1,44.767422028306704,0
Server-2,10,1,64.50001163246245,0
Server-3,10,1,65.85970320510374,0
Server-4,10,1,41.89648033848579,0
Server-1,11,1,44.60103378794174,0
Server-2,11,1,81.40992922066391,0
Server-3,11,1,47.129504288218726,0
Server-4,11,1,47.57666592506514,0
Server-1,12,1,88.0335434120955,0
Server-2,12,1,44.267911175452866,0
Server-3,12,1,60.61156564963353,0
Server-4,12,1,81.51411539708032,0
Server-1,13,1,60.91169028591959,0
Server-2,13,1,43.484573824718524,0
Server-3,13,1,50.71907594229855,0
Server-4,13,1,86.48180833402105,0
Server-1,14,1,64.22061001506,0
Server-2,14,1,87.70865586578265,0
Server-3,14,1,57.5347813244827,0
Server-4,14,1,43.139642456313666,0
Server-1,15,1,60.24025529635618,0
Server-2,15,1,53.89923786992819,0
Server-3,15,1,40.18423783403671,0
Server-4,15,1,89.24652516539601,0
Server-1,16,1,75.85510374215369,0
Server-2,16,1,56.03748852512058,0
Server-3,16,1,82.99792412183405,0
Server-4,16,1,89.65356638398313,0
Server-1,17,1,89.44344328224906,0
Server-2,17,1,63.05280160692413,0
Server-3,17,1,81.30667263236558,0
Server-4,17,1,75.95978763375341,0
Server-1,18,1,55.48130904546587,0
Server-2,18,1,48.18236262285309,0
Server-3,18,1,51.23578296477865,0
Server-4,18,1,79.49305685380838,0
Server-1,19,1,11.696770960259446,1
Server-2,19,1,15.249998246607797,1
Server-3,19,1,9.967869538869156,1
Server-4,19,1,5.34365409767281,1
Server-1,20,1,19.50544567410086,1
Server-2,20,1,6.797588447931355,0
Server-3,20,1,12.28655940887397,1
Server-4,20,1,27.915197604482973,0
Server-1,21,1,29.570649196641988,1
Server-2,21,1,27.378499300611768,0
Server-3,21,1,16.470537039798117,1
Server-4,21,1,19.24257065272417,1
Server-1,22,1,24.332749154289726,1
Server-2,22,1,28.532747773308245,1
Server-3,22,1,6.233503763888875,1
Server-4,22,1,28.977471179592058,0
Server-1,23,1,12.991811682984412,0
Server-2,23,1,12.578282004989376,1
Server-3,23,1,20.25761866230579,0
Server-4,23,1,20.984949840433504,1
